,compound_names,gt_compound_name,ui_retention_time,gt_retention_time,rt_difference,p_value,compoundID_from_user,gt_chebi,ui_chebi,gt_index,ui_index,eid
0,L-Lysine,L-lysine,43.1834545135498,36.78,6.4034545135497964,0.7790755717607116,M74.060176T43.1835,18019,18019,1,7,E24
1,Sarcosine; N-Methylglycine$L-Alanine$beta-Alanine$D-Alanine,D-alanine,43.0787734985352,83.03999999999999,39.96122650146479,0.3210333478140996,M90.05511T43.0788,15570,15570,56,85,E82
2,"1,7-Dimethylxanthine; Paraxanthine$",Paraxanthine,416.981414794922,205.68,211.30141479492198,0.2669712351861268,M91.039322T416.9814,25858,25858,150,159,E112
3,"1,7-Dimethylxanthine; Paraxanthine$",Theobromine,416.981414794922,183.18,233.80141479492198,0.2669712351861268,M91.039322T416.9814,28946,28946,123,160,E112
4,"1,7-Dimethylxanthine; Paraxanthine$",Paraxanthine,435.116729736328,205.68,229.436729736328,0.6850571925477087,M91.039239T435.1167,25858,25858,150,176,E112
5,"1,7-Dimethylxanthine; Paraxanthine$",Theobromine,435.116729736328,183.18,251.936729736328,0.6850571925477087,M91.039239T435.1167,28946,28946,123,177,E112
6,"1,7-Dimethylxanthine; Paraxanthine$",Paraxanthine,360.945465087891,205.68,155.26546508789102,0.4740431080598404,M91.039315T360.9455,25858,25858,150,201,E112
7,"1,7-Dimethylxanthine; Paraxanthine$",Theobromine,360.945465087891,183.18,177.76546508789102,0.4740431080598404,M91.039315T360.9455,28946,28946,123,202,E112
8,"1,7-Dimethylxanthine; Paraxanthine$",Paraxanthine,395.382476806641,205.68,189.70247680664102,0.8038013881056719,M91.039305T395.3825,25858,25858,150,218,E112
9,"1,7-Dimethylxanthine; Paraxanthine$",Theobromine,395.382476806641,183.18,212.20247680664102,0.8038013881056719,M91.039305T395.3825,28946,28946,123,219,E112
10,"1,7-Dimethylxanthine; Paraxanthine$",Paraxanthine,319.927093505859,205.68,114.24709350585897,0.8509694229530494,M91.039305T319.9271,25858,25858,150,235,E112
11,"1,7-Dimethylxanthine; Paraxanthine$",Theobromine,319.927093505859,183.18,136.74709350585897,0.8509694229530494,M91.039305T319.9271,28946,28946,123,236,E112
12,"1,7-Dimethylxanthine; Paraxanthine$",Paraxanthine,288.945861816406,205.68,83.26586181640602,0.871575246466869,M91.039317T288.9459,25858,25858,150,252,E112
13,"1,7-Dimethylxanthine; Paraxanthine$",Theobromine,288.945861816406,183.18,105.76586181640602,0.871575246466869,M91.039317T288.9459,28946,28946,123,253,E112
14,Sarcosine; N-Methylglycine$L-Alanine$beta-Alanine$D-Alanine,D-alanine,42.635311126709,83.03999999999999,40.40468887329099,0.15416225480397,M91.058456T42.6353,15570,15570,56,259,E82
15,Uracil,Uracil,82.3572845458984,83.03999999999999,0.6827154541015972,0.0477324875185338,M113.034836T82.3573_2,17568,17568,55,292,E189
16,Uracil,Uracil,82.3377952575684,83.03999999999999,0.70220474243159,0.1920648624359811,M114.038184T82.3378,17568,17568,55,300,E189
17,acetamidopropanal$D-Proline$L-Proline,D-(+)-proline,43.9530963897705,59.46,15.5069036102295,0.1109773130653904,M116.070821T43.9531_2,16313,16313,40,306,E217
18,acetamidopropanal$D-Proline$L-Proline,L-proline,43.9530963897705,44.94,0.986903610229497,0.1109773130653904,M116.070821T43.9531_2,17203,17203,22,307,E217
19,L-Allo-threonine$L-Threonine,L-allo-threonine,162.343162536621,43.8,118.54316253662101,0.3721636802411517,M120.065868T162.3432_4,28718,28718,13,370,E249
20,L-Allo-threonine$L-Threonine,L-allo-threonine,43.1872940063477,43.8,0.6127059936522983,0.8716126693700275,M120.065675T43.1873,28718,28718,13,372,E248
21,Benzoate; Benzoic acid; Benzenecarboxylic acid; Phenylformic acid; Dracylic acid$4-Hydroxybenzaldehyde; p-Hydroxybenzaldehyde,4-hydroxybenzaldehyde,80.84375,241.02,160.17625,0.498007914058149,M123.044269T80.8438_2,17597,17597,199,392,E268
22,Benzoate; Benzoic acid; Benzenecarboxylic acid; Phenylformic acid; Dracylic acid$4-Hydroxybenzaldehyde; p-Hydroxybenzaldehyde,4-hydroxybenzaldehyde,497.031219482422,241.02,256.011219482422,0.1099836121920877,M123.044225T497.0312,17597,17597,199,394,E270
23,Benzoate; Benzoic acid; Benzenecarboxylic acid; Phenylformic acid; Dracylic acid$4-Hydroxybenzaldehyde; p-Hydroxybenzaldehyde,4-hydroxybenzaldehyde,203.605094909668,241.02,37.41490509033201,4.616661482705084e-05,M123.044107T203.6051,17597,17597,199,396,E269
24,Benzoate; Benzoic acid; Benzenecarboxylic acid; Phenylformic acid; Dracylic acid$4-Hydroxybenzaldehyde; p-Hydroxybenzaldehyde,4-hydroxybenzaldehyde,80.84375,241.02,160.17625,0.2951957293874891,M124.047854T80.8438,17597,17597,199,399,E268
25,2-Hydroxybutyrate$(R)-3-Hydroxybutanoate; (R)-3-Hydroxybutanoic acid; (R)-3-Hydroxybutyric acid$(S)-3-Hydroxybutanoate$(S)-3-Hydroxyisobutyrate$4-Hydroxybutanoic acid; 4-Hydroxybutanoate; 4-Hydroxybutyric acid,4-hydroxybutyric acid (GHB),766.723541259766,91.08,675.6435412597659,0.447463334068345,M127.035382T766.7235,30830,30830,58,414,E294
26,2-Hydroxybutyrate$(R)-3-Hydroxybutanoate; (R)-3-Hydroxybutanoic acid; (R)-3-Hydroxybutyric acid$(S)-3-Hydroxybutanoate$(S)-3-Hydroxyisobutyrate$4-Hydroxybutanoic acid; 4-Hydroxybutanoate; 4-Hydroxybutyric acid,4-hydroxybutyric acid (GHB),893.367370605469,91.08,802.2873706054689,0.6622347961802649,M127.037823T893.3674,30830,30830,58,419,E295
27,2-Hydroxybutyrate$(R)-3-Hydroxybutanoate; (R)-3-Hydroxybutanoic acid; (R)-3-Hydroxybutyric acid$(S)-3-Hydroxybutanoate$(S)-3-Hydroxyisobutyrate$4-Hydroxybutanoic acid; 4-Hydroxybutanoate; 4-Hydroxybutyric acid,4-hydroxybutyric acid (GHB),872.002075195312,91.08,780.922075195312,0.2077694597521578,M127.03781T872.0021,30830,30830,58,424,E295
28,2-Hydroxybutyrate$(R)-3-Hydroxybutanoate; (R)-3-Hydroxybutanoic acid; (R)-3-Hydroxybutyric acid$(S)-3-Hydroxybutanoate$(S)-3-Hydroxyisobutyrate$4-Hydroxybutanoic acid; 4-Hydroxybutanoate; 4-Hydroxybutyric acid,4-hydroxybutyric acid (GHB),845.632385253906,91.08,754.552385253906,0.5166707813447171,M127.037799T845.6324,30830,30830,58,429,E295
29,Thymine$Imidazole-4-acetate; Imidazoleacetic acid; 4-Imidazoleacetate,4-imidazoleacetic acid,145.675567626953,157.26,11.58443237304698,0.6750395699230636,M127.049934T145.6756,16974,16974,105,431,E299
30,"5,6-Dihydrothymine",Dihydrothymine,34.210277557373,108.72,74.50972244262701,0.5374880021346562,M128.058725T34.2103_6,27468,27468,62,432,E301
31,"5,6-Dihydrothymine",Dihydrothymine,43.6668243408203,108.72,65.0531756591797,0.1494680082872179,M129.066092T43.6668,27468,27468,62,435,E301
32,"5,6-Dihydrothymine",Dihydrothymine,108.740852355957,108.72,0.020852355957003965,0.8177692998144539,M129.065978T108.7409,27468,27468,62,436,E302
33,"5,6-Dihydrothymine",Dihydrothymine,95.1093368530273,108.72,13.610663146972698,0.0460628199521178,M129.066101T95.1093,27468,27468,62,437,E302
34,5-Oxoproline$L-1-Pyrroline-3-hydroxy-5-carboxylate$1-Pyrroline-4-hydroxy-2-carboxylate,L-pyroglutamic acid,45.7968521118164,240.71999999999997,194.92314788818356,0.9751188159410312,M130.050124T45.7969,18183,18183,197,439,E316
35,5-Oxoproline$L-1-Pyrroline-3-hydroxy-5-carboxylate$1-Pyrroline-4-hydroxy-2-carboxylate,L-pyroglutamic acid,76.6810455322266,240.71999999999997,164.03895446777335,0.9156713380195808,M130.05014T76.681,18183,18183,197,443,E317
36,"5,6-Dihydrothymine",Dihydrothymine,43.6525001525879,108.72,65.06749984741211,0.3108416166224394,M130.069526T43.6525,27468,27468,62,451,E301
37,5-Oxoproline$L-1-Pyrroline-3-hydroxy-5-carboxylate$1-Pyrroline-4-hydroxy-2-carboxylate,L-pyroglutamic acid,44.331729888916,240.71999999999997,196.38827011108395,0.6041183902772289,M131.053491T44.3317,18183,18183,197,456,E316
38,5-Oxoproline$L-1-Pyrroline-3-hydroxy-5-carboxylate$1-Pyrroline-4-hydroxy-2-carboxylate,L-pyroglutamic acid,76.7079582214355,240.71999999999997,164.01204177856448,0.7460396378350653,M131.053884T76.708,18183,18183,197,459,E317
39,Creatine; alpha-Methylguanidino acetic acid; Methylglycocyamine,Creatine,291.514343261719,44.4,247.11434326171897,0.0268144994819747,M131.069792T291.5143,16919,16919,18,468,E345
40,Phenylacetic acid; Benzylformic acid; Phenylacetate; Benzeneacetiic acid$4-Hydroxyphenylacetaldehyde,Phenylacetic acid,203.955535888672,440.21999999999997,236.26446411132798,0.0001549642713602,M137.05979T203.9555,30745,30745,419,550,E387
41,Phenylacetic acid; Benzylformic acid; Phenylacetate; Benzeneacetiic acid$4-Hydroxyphenylacetaldehyde,Phenylacetic acid,497.065124511719,440.21999999999997,56.84512451171901,0.0776344450956027,M137.059891T497.0651,30745,30745,419,552,E390
42,Phenylacetic acid; Benzylformic acid; Phenylacetate; Benzeneacetiic acid$4-Hydroxyphenylacetaldehyde,Phenylacetic acid,378.632369995117,440.21999999999997,61.58763000488295,0.932976146989823,M137.059753T378.6324,30745,30745,419,554,E389
43,Phenylacetic acid; Benzylformic acid; Phenylacetate; Benzeneacetiic acid$4-Hydroxyphenylacetaldehyde,Phenylacetic acid,80.8362655639648,440.21999999999997,359.3837344360352,0.28027320138215,M137.059944T80.8363_1,30745,30745,419,556,E386
44,Phenylacetic acid; Benzylformic acid; Phenylacetate; Benzeneacetiic acid$4-Hydroxyphenylacetaldehyde,Phenylacetic acid,283.296691894531,440.21999999999997,156.92330810546895,0.5478517438019961,M137.059765T283.2967,30745,30745,419,558,E388
45,acetamidopropanal$D-Proline$L-Proline,D-(+)-proline,44.6210021972656,59.46,14.838997802734404,0.8771986882733952,M138.053521T44.621,16313,16313,40,576,E217
46,acetamidopropanal$D-Proline$L-Proline,L-proline,44.6210021972656,44.94,0.31899780273440115,0.8771986882733952,M138.053521T44.621,17203,17203,22,577,E217
47,Phenylacetic acid; Benzylformic acid; Phenylacetate; Benzeneacetiic acid$4-Hydroxyphenylacetaldehyde,Phenylacetic acid,378.619674682617,440.21999999999997,61.60032531738295,0.5411842984615178,M138.06353T378.6197,30745,30745,419,579,E389
48,Gentisate aldehyde$4-Hydroxybenzoate,4-hydroxybenzoate,264.738555908203,229.02,35.718555908203,0.0330335384916922,M139.039246T264.7386_2,30763,30763,176,582,E399
49,Gentisate aldehyde$4-Hydroxybenzoate,4-hydroxybenzoate,436.442138671875,229.02,207.422138671875,0.8202126558837548,M139.040322T436.4421,30763,30763,176,584,E400
50,Gentisate aldehyde$4-Hydroxybenzoate,4-hydroxybenzoate,222.701095581055,229.02,6.31890441894501,0.0553709708280261,M139.039053T222.7011_1,30763,30763,176,586,E398
51,Gentisate aldehyde$4-Hydroxybenzoate,4-hydroxybenzoate,264.668640136719,229.02,35.64864013671897,0.0460495111835673,M140.042869T264.6686_2,30763,30763,176,591,E399
52,L-Allo-threonine$L-Threonine,L-allo-threonine,42.6430644989014,43.8,1.1569355010985944,0.8323021680460562,M142.047854T42.6431,28718,28718,13,613,E248
53,,Coumarin,503.791687011719,207.54,296.251687011719,0.0002698610110468,M147.042969T503.7917,28794,28794,152,636,E477
54,,Coumarin,80.8434448242188,207.54,126.69655517578119,0.4573852441042906,M147.044313T80.8434_1,28794,28794,152,637,E475
55,,Coumarin,204.716361999512,207.54,2.823638000487989,0.0230324785455537,M147.044336T204.7164,28794,28794,152,638,E476
56,L-Glutamine$3-Ureidoisobutyrate$D-Glutamine; D-2-Aminoglutaramic acid,L-glutamine,62.199182510376,43.92,18.279182510375996,0.7834219010746882,M147.076352T62.1992_1,18050,18050,15,643,E453
57,L-Glutamine$3-Ureidoisobutyrate$D-Glutamine; D-2-Aminoglutaramic acid,L-glutamine,43.2995338439941,43.92,0.6204661560059037,0.067949814771512,M147.076473T43.2995,18050,18050,15,646,E452
58,L-Lysine,L-lysine,36.6283493041992,36.78,0.1516506958008037,0.8304188218719887,M147.113048T36.6283_2,18019,18019,1,649,E24
59,,Coumarin,81.1135864257812,207.54,126.4264135742188,0.9493247385046452,M148.047873T81.1136,28794,28794,152,652,E475
60,D-Glutamate; D-Glutamic acid; D-Glutaminic acid; D-2-Aminoglutaric acid$L-Glutamate$L-4-Hydroxyglutamate semialdehyde,L-glutamic acid,43.1768455505371,269.64,226.46315444946288,0.0491728620509614,M148.060705T43.1768,16015,16015,236,654,E494
61,L-Glutamine$3-Ureidoisobutyrate$D-Glutamine; D-2-Aminoglutaramic acid,L-glutamine,43.6106967926025,43.92,0.30930320739749817,0.156958968518461,M148.080024T43.6107,18050,18050,15,656,E452
62,L-Lysine,L-lysine,36.5542907714844,36.78,0.22570922851559772,0.9076325020268106,M148.117029T36.5543,18019,18019,1,659,E24
63,"5,6-Dihydrothymine",Dihydrothymine,42.6345443725586,108.72,66.0854556274414,0.1091450514594276,M151.048123T42.6345,27468,27468,62,681,E301
64,5-Oxoproline$L-1-Pyrroline-3-hydroxy-5-carboxylate$1-Pyrroline-4-hydroxy-2-carboxylate,L-pyroglutamic acid,47.1450080871582,240.71999999999997,193.57499191284177,0.9394554639186362,M152.032082T47.145,18183,18183,197,696,E316
65,5-Oxoproline$L-1-Pyrroline-3-hydroxy-5-carboxylate$1-Pyrroline-4-hydroxy-2-carboxylate,L-pyroglutamic acid,76.2256088256836,240.71999999999997,164.49439117431638,0.3227121498303774,M152.032083T76.2256,18183,18183,197,700,E317
66,5-Oxoproline$L-1-Pyrroline-3-hydroxy-5-carboxylate$1-Pyrroline-4-hydroxy-2-carboxylate,L-pyroglutamic acid,516.953979492188,240.71999999999997,276.233979492188,0.0006406907247874,M152.030988T516.954,18183,18183,197,704,E318
67,"3,4-Dihydroxyphenylacetaldehyde; Protocatechuatealdehyde$4-Hydroxyphenylacetate$2-Hydroxyphenylacetate",4-hydroxyphenylacetic acid,263.033508300781,234.48,28.553508300781033,0.6563647223456325,M153.054049T263.0335,18101,18101,188,721,E558
68,arachidonic acid,Arachidonic acid,593.69873046875,585.36,8.338730468749986,0.1203654114611614,M153.127624T593.6987_2,15843,15843,508,726,E573
69,(9Z)-Octadecenoic acid; (Z)-Octadec-9-enoic acid; Oleate; Oleic acid,Oleate,593.69873046875,599.8199999999999,6.121269531249936,0.1203654114611614,M153.127624T593.6987_2,16196,16196,514,731,E581
70,Creatine; alpha-Methylguanidino acetic acid; Methylglycocyamine,Creatine,263.086715698242,44.4,218.686715698242,0.3789176347539717,M154.058618T263.0867,16919,16919,18,754,E345
71,"3,4-Dihydroxyphenylacetaldehyde; Protocatechuatealdehyde$4-Hydroxyphenylacetate$2-Hydroxyphenylacetate",4-hydroxyphenylacetic acid,263.086715698242,234.48,28.606715698242027,0.3789176347539717,M154.058618T263.0867,18101,18101,188,756,E558
72,L-Histidine,L-histidine,475.875503540039,43.08,432.795503540039,0.150180498418841,M155.070243T475.8755,15971,15971,6,773,E604
73,L-Histidine,L-histidine,42.6355895996094,43.08,0.4444104003905949,0.0069673716303879,M156.077071T42.6356,15971,15971,6,784,E600
74,L-Histidine,L-histidine,60.79345703125,43.08,17.71345703125,0.0077339207149691,M156.076881T60.7935,15971,15971,6,785,E601
75,L-Histidine,L-histidine,42.44362449646,43.08,0.6363755035400018,0.0022990272644989,M157.08123T42.4436_3,15971,15971,6,792,E600
76,Indole-3-acetaldehyde,Indole-3-acetaldehyde,199.983901977539,317.76,117.77609802246099,0.5126888886718429,M160.07572T199.9839,18086,18086,303,814,E648
77,Indole-3-acetaldehyde,Indole-3-acetaldehyde,291.525726318359,317.76,26.234273681641014,6.498414212922305e-05,M160.07578T291.5257,18086,18086,303,815,E649
78,Indole-3-acetaldehyde,Indole-3-acetaldehyde,381.035189582031,317.76,63.27518958203103,0.6653833681536008,M160.075976T381.0352,18086,18086,303,816,E650
79,Indole-3-acetaldehyde,Indole-3-acetaldehyde,199.447372436523,317.76,118.31262756347698,0.4120187863100438,M161.079275T199.4474,18086,18086,303,822,E648
80,arachidonic acid,Arachidonic acid,43.255220413208,585.36,542.104779586792,0.4928577498735512,M164.118059T43.2552_2,15843,15843,508,824,E567
81,L-Phenylalanine$,L-phenylalanine,81.1728820800781,163.62,82.44711791992191,0.6047776776909687,M165.077086T81.1729_3,17295,17295,109,844,E686
82,L-Phenylalanine$,L-phenylalanine,162.415054321289,163.62,1.204945678710999,0.0508453340968359,M166.086508T162.4151_6,17295,17295,109,860,E686
83,L-Phenylalanine$,L-phenylalanine,239.356872558594,163.62,75.736872558594,0.9684423674192236,M166.08657T239.3569,17295,17295,109,862,E687
84,L-Phenylalanine$,L-phenylalanine,162.410293579102,163.62,1.2097064208980157,0.04428625896819,M167.089818T162.4103_2,17295,17295,109,876,E686
85,Pyridoxamine,Pyridoxamine,162.596374511719,169.08,6.483625488281007,0.0349458658504061,M168.090948T162.5964,16410,16410,112,886,E747
86,L-Glutamine$3-Ureidoisobutyrate$D-Glutamine; D-2-Aminoglutaramic acid,L-glutamine,62.1095714569092,43.92,18.1895714569092,0.9142702265000524,M169.058552T62.1096,18050,18050,15,894,E453
87,L-Glutamine$3-Ureidoisobutyrate$D-Glutamine; D-2-Aminoglutaramic acid,L-glutamine,42.5783500671387,43.92,1.3416499328613014,0.1983972349405423,M169.058404T42.5784,18050,18050,15,897,E452
88,L-Lysine,L-lysine,38.2091255187988,36.78,1.4291255187987986,0.7591261900422247,M169.094911T38.2091_2,18019,18019,1,900,E24
89,L-Lysine,L-lysine,62.7052993774414,36.78,25.925299377441398,0.7187185587763608,M169.095636T62.7053_7,18019,18019,1,901,E25
90,Pyridoxamine,Pyridoxamine,62.7052993774414,169.08,106.3747006225586,0.7187185587763608,M169.095636T62.7053_7,16410,16410,112,902,E746
91,Pyridoxamine,Pyridoxamine,167.616592407227,169.08,1.4634075927730237,0.4583358822410466,M169.096734T167.6166,16410,16410,112,903,E747
92,D-Glutamate; D-Glutamic acid; D-Glutaminic acid; D-2-Aminoglutaric acid$L-Glutamate$L-4-Hydroxyglutamate semialdehyde,L-glutamic acid,62.6563949584961,269.64,206.9836050415039,0.0078616638831279,M170.040785T62.6564,16015,16015,236,918,E495
93,"3,4-Dihydroxyphenylacetaldehyde; Protocatechuatealdehyde$4-Hydroxyphenylacetate$2-Hydroxyphenylacetate",4-hydroxyphenylacetic acid,267.066696166992,234.48,32.58669616699203,0.0202626523398294,M175.03687T267.0667,18101,18101,188,935,E558
94,L-Histidine,L-histidine,474.632415771484,43.08,431.552415771484,0.8986842949049495,M178.057151T474.6324,15971,15971,6,962,E604
95,L-Histidine,L-histidine,41.2218132019043,43.08,1.8581867980957014,0.0162675036324795,M178.059049T41.2218,15971,15971,6,963,E600
96,"1,7-Dimethylxanthine; Paraxanthine$",Paraxanthine,359.155868530273,205.68,153.47586853027298,0.0839645924214552,M180.065834T359.1559,25858,25858,150,982,E112
97,"1,7-Dimethylxanthine; Paraxanthine$",Theobromine,359.155868530273,183.18,175.97586853027298,0.0839645924214552,M180.065834T359.1559,28946,28946,123,983,E112
98,"1,7-Dimethylxanthine; Paraxanthine$",Paraxanthine,371.682556152344,205.68,166.00255615234397,0.896727859931834,M180.065846T371.6826,25858,25858,150,986,E112
99,"1,7-Dimethylxanthine; Paraxanthine$",Theobromine,371.682556152344,183.18,188.50255615234397,0.896727859931834,M180.065846T371.6826,28946,28946,123,987,E112
100,"1,7-Dimethylxanthine; Paraxanthine$",Paraxanthine,346.888549804688,205.68,141.208549804688,0.321247968841485,M181.071396T346.8885,25858,25858,150,1003,E112
101,"1,7-Dimethylxanthine; Paraxanthine$",Theobromine,346.888549804688,183.18,163.708549804688,0.321247968841485,M181.071396T346.8885,28946,28946,123,1004,E112
102,L-Tyrosine$,L-tyrosine,80.9028816223145,77.04,3.8628816223144895,0.4284304604583632,M182.081511T80.9029_5,17895,17895,51,1023,E872
103,L-Tyrosine$,L-tyrosine,80.9010696411133,77.04,3.861069641113289,0.3598835782944896,M183.084823T80.9011_2,17895,17895,51,1029,E872
104,L-Phenylalanine$,L-phenylalanine,162.323249816895,163.62,1.2967501831050186,0.6019649240208147,M188.068469T162.3232,17295,17295,109,1049,E686
105,,Azelaic acid,347.910400390625,304.56,43.350400390625,0.1204830477189083,M189.112458T347.9104,48131,48131,286,1061,E176
106,"5-Hydroxyindoleacetate$5-Phenyl-1,3-oxazinane-2,4-dione",5-hydroxyindoleacetate,150.142196655273,150.0,0.14219665527301117,0.0005492419491732,M191.058035T150.1422_1,27823,27823,98,1086,E960
107,"5-Hydroxyindoleacetate$5-Phenyl-1,3-oxazinane-2,4-dione",5-hydroxyindoleacetate,319.305313110352,150.0,169.30531311035202,4.616661482705084e-05,M192.065855T319.3053_2,27823,27823,98,1094,E961
108,"5-Hydroxyindoleacetate$5-Phenyl-1,3-oxazinane-2,4-dione",5-hydroxyindoleacetate,150.101318359375,150.0,0.101318359375,0.0001052925664625,M192.065825T150.1013_2,27823,27823,98,1096,E960
109,"5-Hydroxyindoleacetate$5-Phenyl-1,3-oxazinane-2,4-dione",5-hydroxyindoleacetate,196.675315856934,150.0,46.67531585693399,0.8304188218719887,M192.067214T196.6753_3,27823,27823,98,1098,E960
110,N-Acetylmethionine,N-acetylmethionine,196.675315856934,241.14000000000001,44.46468414306602,0.8304188218719887,M192.067214T196.6753_3,21557,21557,201,1100,E980
111,"5-Hydroxyindoleacetate$5-Phenyl-1,3-oxazinane-2,4-dione",5-hydroxyindoleacetate,150.108978271484,150.0,0.10897827148400552,0.0001919479512516,M193.069044T150.109,27823,27823,98,1106,E960
112,"5-Hydroxyindoleacetate$5-Phenyl-1,3-oxazinane-2,4-dione",5-hydroxyindoleacetate,205.232818603516,150.0,55.232818603515994,0.1062806165655577,M193.069194T205.2328_3,27823,27823,98,1108,E960
113,"5-Hydroxyindoleacetate$5-Phenyl-1,3-oxazinane-2,4-dione",5-hydroxyindoleacetate,319.299987792969,150.0,169.29998779296898,9.600576718505488e-05,M193.069272T319.3,27823,27823,98,1110,E961
114,"5-Hydroxyindoleacetate$5-Phenyl-1,3-oxazinane-2,4-dione",5-hydroxyindoleacetate,86.9109954833984,150.0,63.089004516601605,1.1184601786794775e-05,M193.068543T86.911,27823,27823,98,1112,E960
115,"3alpha,12alpha-Dihydroxy-5beta-cholanate; Deoxycholic acid; Deoxycholate; 3alpha,12alpha-Dihydroxy-5beta-cholanic acid$Chenodeoxycholate; Chenodeoxycholic acid; 3alpha,7alpha-Dihydroxy-5beta-cholanic acid; Chenodiol",Deoxycholate,600.060821533203,532.3199999999999,67.74082153320307,0.0332791395313767,M197.153922T600.0608,28834,28834,476,1125,E1032
116,"3alpha,12alpha-Dihydroxy-5beta-cholanate; Deoxycholic acid; Deoxycholate; 3alpha,12alpha-Dihydroxy-5beta-cholanic acid$Chenodeoxycholate; Chenodeoxycholic acid; 3alpha,7alpha-Dihydroxy-5beta-cholanic acid; Chenodiol",Deoxycholate,586.134521484375,532.3199999999999,53.814521484375064,0.0002110581428732,M197.153916T586.1345,28834,28834,476,1127,E1032
117,"3alpha,12alpha-Dihydroxy-5beta-cholanate; Deoxycholic acid; Deoxycholate; 3alpha,12alpha-Dihydroxy-5beta-cholanic acid$Chenodeoxycholate; Chenodeoxycholic acid; 3alpha,7alpha-Dihydroxy-5beta-cholanic acid; Chenodiol",Deoxycholate,617.241058349609,532.3199999999999,84.9210583496091,0.5294732114078522,M197.653575T617.2411_1,28834,28834,476,1129,E1032
118,"D-Glucose$beta-D-Glucose$beta-D-Fructose; beta-Fruit sugar; beta-D-arabino-Hexulose; beta-Levulose; Fructose$alpha-D-Glucose$beta-D-Galactose$D-Tagatose; lyxo-Hexulose$myo-Inositol$1,7-Dimethylxanthine; Paraxanthine$$alpha-D-Galactose$D-Mannose",Paraxanthine,42.60302734375,205.68,163.07697265625,0.1325479325169462,M203.052973T42.603_8,25858,25858,150,1161,E88
119,"D-Glucose$beta-D-Glucose$beta-D-Fructose; beta-Fruit sugar; beta-D-arabino-Hexulose; beta-Levulose; Fructose$alpha-D-Glucose$beta-D-Galactose$D-Tagatose; lyxo-Hexulose$myo-Inositol$1,7-Dimethylxanthine; Paraxanthine$$alpha-D-Galactose$D-Mannose",Theobromine,42.60302734375,183.18,140.57697265625,0.1325479325169462,M203.052973T42.603_8,28946,28946,123,1162,E88
120,"D-Glucose$beta-D-Glucose$beta-D-Fructose; beta-Fruit sugar; beta-D-arabino-Hexulose; beta-Levulose; Fructose$alpha-D-Glucose$beta-D-Galactose$D-Tagatose; lyxo-Hexulose$myo-Inositol$1,7-Dimethylxanthine; Paraxanthine$$alpha-D-Galactose$D-Mannose",Paraxanthine,61.3228721618652,205.68,144.3571278381348,0.1931412360414838,M203.052931T61.3229_1,25858,25858,150,1173,E89
121,"D-Glucose$beta-D-Glucose$beta-D-Fructose; beta-Fruit sugar; beta-D-arabino-Hexulose; beta-Levulose; Fructose$alpha-D-Glucose$beta-D-Galactose$D-Tagatose; lyxo-Hexulose$myo-Inositol$1,7-Dimethylxanthine; Paraxanthine$$alpha-D-Galactose$D-Mannose",Theobromine,61.3228721618652,183.18,121.8571278381348,0.1931412360414838,M203.052931T61.3229_1,28946,28946,123,1174,E89
122,L-Tyrosine$,L-tyrosine,79.8712730407715,77.04,2.8312730407714923,0.5327445406321004,M204.063389T79.8713,17895,17895,51,1180,E872
123,L-Tyrosine$,L-tyrosine,60.7208404541016,77.04,16.31915954589841,0.6529465272673693,M204.063367T60.7208,17895,17895,51,1183,E872
124,Phenylacetic acid; Benzylformic acid; Phenylacetate; Benzeneacetiic acid$4-Hydroxyphenylacetaldehyde,Phenylacetic acid,204.09765625,440.21999999999997,236.12234374999997,4.9699019404101216e-05,M205.047538T204.0977,30745,30745,419,1186,E387
125,L-Tryptophan$D-Tryptophan,L-tryptophan,199.419281005859,200.64,1.2207189941409808,0.7032294700929799,M205.097436T199.4193_6,16828,16828,144,1196,E1074
126,L-Tryptophan$D-Tryptophan,D-tryptophan,199.419281005859,234.42000000000002,35.00071899414101,0.7032294700929799,M205.097436T199.4193_6,16296,16296,187,1197,E1074
127,L-Tryptophan$D-Tryptophan,L-tryptophan,222.044967651367,200.64,21.404967651367002,0.9235903029237214,M205.097418T222.045,16828,16828,144,1198,E1075
128,L-Tryptophan$D-Tryptophan,D-tryptophan,222.044967651367,234.42000000000002,12.375032348633027,0.9235903029237214,M205.097418T222.045,16296,16296,187,1199,E1075
129,L-Tryptophan$D-Tryptophan,L-tryptophan,199.419647216797,200.64,1.2203527832029977,0.7068688432342609,M206.100724T199.4196_3,16828,16828,144,1203,E1074
130,L-Tryptophan$D-Tryptophan,D-tryptophan,199.419647216797,234.42000000000002,35.00035278320303,0.7068688432342609,M206.100724T199.4196_3,16296,16296,187,1204,E1074
131,Gentisate aldehyde$4-Hydroxybenzoate,4-hydroxybenzoate,222.648498535156,229.02,6.371501464844016,0.018010081753053,M207.026673T222.6485_2,30763,30763,176,1210,E398
132,Gentisate aldehyde$4-Hydroxybenzoate,4-hydroxybenzoate,264.741348266602,229.02,35.72134826660201,0.1580441094585041,M207.026625T264.7413,30763,30763,176,1213,E399
133,,Azelaic acid,347.966674804688,304.56,43.40667480468801,0.3518353508837624,M211.094281T347.9667,48131,48131,286,1229,E176
134,,Azelaic acid,402.305755615234,304.56,97.74575561523397,0.6226246331140828,M211.094221T402.3058,48131,48131,286,1230,E177
135,N-Acetylmethionine,N-acetylmethionine,214.660629272461,241.14000000000001,26.47937072753902,0.5667844340134907,M214.051147T214.6606,21557,21557,201,1242,E981
136,"3,4-Dihydroxyphenylacetaldehyde; Protocatechuatealdehyde$4-Hydroxyphenylacetate$2-Hydroxyphenylacetate",4-hydroxyphenylacetic acid,285.197784423828,234.48,50.71778442382802,0.4173869572619374,M221.042214T285.1978,18101,18101,188,1265,E558
137,5-Hydroxy-L-tryptophan,L-5-hydroxytryptophan,199.966636657715,117.36,82.60663665771499,0.532324625151232,M221.092091T199.9666,17780,17780,67,1270,E1166
138,5-Hydroxy-L-tryptophan,L-5-hydroxytryptophan,125.007293701172,117.36,7.6472937011720035,9.085060724776078e-05,M221.092297T125.0073,17780,17780,67,1271,E1165
139,5-Hydroxy-L-tryptophan,L-5-hydroxytryptophan,124.808631896973,117.36,7.448631896972998,5.683903771134942e-05,M222.095609T124.8086,17780,17780,67,1274,E1165
140,L-Tryptophan$D-Tryptophan,L-tryptophan,199.458236694336,200.64,1.181763305663992,0.8421108987327869,M227.079236T199.4582,16828,16828,144,1289,E1074
141,L-Tryptophan$D-Tryptophan,D-tryptophan,199.458236694336,234.42000000000002,34.96176330566402,0.8421108987327869,M227.079236T199.4582,16296,16296,187,1290,E1074
142,Indole-3-acetaldehyde,Indole-3-acetaldehyde,291.522705078125,317.76,26.23729492187499,5.430860626366522e-05,M228.063301T291.5227,18086,18086,303,1293,E649
143,$6-Hydroxymelatonin,6-hydroxymelatonin,33.6216335296631,353.04,319.41836647033693,0.5098246778421995,M271.102696T33.6216,2198,2198,333,1397,E1413
144,(9Z)-Octadecenoic acid; (Z)-Octadec-9-enoic acid; Oleate; Oleic acid,Oleate,599.122924804688,599.8199999999999,0.6970751953119816,0.0002024748404807,M283.263134T599.1229_1,16196,16196,514,1470,E581
145,(9Z)-Octadecenoic acid; (Z)-Octadec-9-enoic acid; Oleate; Oleic acid,Oleate,551.160522460938,599.8199999999999,48.65947753906198,0.0001055244594317,M283.263163T551.1605_2,16196,16196,514,1471,E580
146,(9Z)-Octadecenoic acid; (Z)-Octadec-9-enoic acid; Oleate; Oleic acid,Oleate,551.173065185547,599.8199999999999,48.64693481445295,0.0001486796945737,M284.266473T551.1731_2,16196,16196,514,1474,E580
147,(9Z)-Octadecenoic acid; (Z)-Octadec-9-enoic acid; Oleate; Oleic acid,Oleate,599.235290527344,599.8199999999999,0.584709472655959,0.0003763321508384,M284.266569T599.2353,16196,16196,514,1475,E581
148,3-Dehydrosphinganine$Sphingosine,D-sphingosine,503.473098754883,503.04,0.43309875488296257,0.0145763384366311,M300.28967T503.4731,16393,16393,454,1594,E1534
149,3-Dehydrosphinganine$Sphingosine,D-sphingosine,576.292816162109,503.04,73.25281616210901,0.0117754275727838,M300.289651T576.2928_2,16393,16393,454,1596,E1535
150,3-Dehydrosphinganine$Sphingosine,D-sphingosine,576.3017578125,503.04,73.26175781249998,0.027895955364256,M301.292998T576.3018_4,16393,16393,454,1614,E1535
151,3-Dehydrosphinganine$Sphingosine,D-sphingosine,503.033767700195,503.04,0.006232299804992181,0.0087299961487753,M301.293051T503.0338,16393,16393,454,1616,E1534
152,arachidonic acid,Arachidonic acid,584.508117675781,585.36,0.851882324218991,0.0511472991793035,M305.247407T584.5081,15843,15843,508,1667,E573
153,(9Z)-Octadecenoic acid; (Z)-Octadec-9-enoic acid; Oleate; Oleic acid,Oleate,584.508117675781,599.8199999999999,15.311882324218914,0.0511472991793035,M305.247407T584.5081,16196,16196,514,1668,E581
154,arachidonic acid,Arachidonic acid,599.190246582031,585.36,13.830246582031009,0.000445643127109,M305.245118T599.1902_2,15843,15843,508,1669,E573
155,(9Z)-Octadecenoic acid; (Z)-Octadec-9-enoic acid; Oleate; Oleic acid,Oleate,599.190246582031,599.8199999999999,0.6297534179689137,0.000445643127109,M305.245118T599.1902_2,16196,16196,514,1670,E581
156,arachidonic acid,Arachidonic acid,38.0712394714355,585.36,547.2887605285645,0.5794985226458115,M305.245339T38.0712,15843,15843,508,1671,E567
157,(9Z)-Octadecenoic acid; (Z)-Octadec-9-enoic acid; Oleate; Oleic acid,Oleate,38.0712394714355,599.8199999999999,561.7487605285644,0.5794985226458115,M305.245339T38.0712,16196,16196,514,1672,E577
158,arachidonic acid,Arachidonic acid,545.32373046875,585.36,40.036269531250014,0.0254964896738092,M305.247366T545.3237,15843,15843,508,1673,E572
159,(9Z)-Octadecenoic acid; (Z)-Octadec-9-enoic acid; Oleate; Oleic acid,Oleate,545.32373046875,599.8199999999999,54.496269531249936,0.0254964896738092,M305.247366T545.3237,16196,16196,514,1674,E580
160,arachidonic acid,Arachidonic acid,584.597503662109,585.36,0.7624963378909797,0.0619014301573416,M306.250719T584.5975,15843,15843,508,1681,E573
161,arachidonic acid,Arachidonic acid,599.194122314453,585.36,13.834122314452998,0.0003880366033058,M306.248519T599.1941,15843,15843,508,1682,E573
162,Ubiquinone,Coenzyme Q1,575.746826171875,379.62,196.126826171875,0.0001508645215233,M318.182062T575.7468_1,46234,46234,365,1749,E1626
163,Ubiquinone,Coenzyme Q1,586.584808349609,379.62,206.96480834960903,0.0001026684143086,M319.19282T586.5848,46234,46234,365,1769,E1626
164,Ubiquinone,Coenzyme Q1,692.791320800781,379.62,313.171320800781,0.5568764814568268,M319.193194T692.7913,46234,46234,365,1770,E1628
165,Ubiquinone,Coenzyme Q1,731.768463134766,379.62,352.14846313476596,0.8637242306329639,M319.193368T731.7685,46234,46234,365,1771,E1629
166,Ubiquinone,Coenzyme Q1,669.945129394531,379.62,290.325129394531,0.2839017031803312,M319.19335T669.9451,46234,46234,365,1772,E1627
167,3-Dehydrosphinganine$Sphingosine,D-sphingosine,584.187377929688,503.04,81.14737792968793,0.5843007418466393,M322.273837T584.1874,16393,16393,454,1839,E1535
168,arachidonic acid,Arachidonic acid,584.809265136719,585.36,0.5507348632810363,0.1302686505302905,M327.229295T584.8093,15843,15843,508,1867,E573
169,arachidonic acid,Arachidonic acid,538.000213623047,585.36,47.359786376953025,0.7457347926456527,M327.231802T538.0002,15843,15843,508,1868,E572
170,(9Z)-Octadecenoic acid; (Z)-Octadec-9-enoic acid; Oleate; Oleic acid,Oleate,545.172485351562,599.8199999999999,54.64751464843789,0.0025842595258418,M351.252739T545.1725,16196,16196,514,2131,E580
171,Sphingosine 1-phosphate,D-erythro-sphingosine 1-phosphate,676.236328125,550.32,125.91632812499995,0.6922403478162548,M379.250628T676.2363_3,37550,37550,487,2487,E1816
172,Sphingosine 1-phosphate,D-erythro-sphingosine 1-phosphate,549.900909423828,550.32,0.4190905761720387,0.195747879194218,M380.256003T549.9009_2,37550,37550,487,2488,E1815
173,Sphingosine 1-phosphate,D-erythro-sphingosine 1-phosphate,693.403778076172,550.32,143.08377807617194,0.8535418995285485,M380.258133T693.4038,37550,37550,487,2489,E1816
174,Sphingosine 1-phosphate,D-erythro-sphingosine 1-phosphate,772.374633789062,550.32,222.054633789062,0.5926832608596387,M380.256025T772.3746,37550,37550,487,2490,E1817
175,2-Arachidonoylglycerol; 2-Arachidonoyl-sn-glycerol,2-arachidonoyl glycerol,676.21728515625,573.48,102.73728515624998,0.7739955057082052,M380.289764T676.2173_4,52392,52392,503,2494,E949
176,Sphingosine 1-phosphate,D-erythro-sphingosine 1-phosphate,549.882690429688,550.32,0.4373095703120953,0.2891399152119169,M381.259491T549.8827,37550,37550,487,2507,E1815
177,"Desmosterol; 24-Dehydrocholesterol; Cholesta-5,24-dien-3beta-ol$Cholest-4-en-3-one; Cholestenone; 4-Cholesten-3-one$Zymosterol; delta8,24-Cholestadien-3beta-ol; 5alpha-Cholesta-8,24-dien-3beta-ol$5alpha-Cholesta-7,24-dien-3beta-ol$Cholesta-5,7-dien-3beta-ol; 7-Dehydrocholesterol; Provitamin D3$Vitamin D3; Cholecalciferol",Cholest-4-en-3-one,672.072937011719,673.14,1.067062988281009,0.1532572081473491,M385.34653T672.0729,16175,16175,77,2526,E1011
178,"Desmosterol; 24-Dehydrocholesterol; Cholesta-5,24-dien-3beta-ol$Cholest-4-en-3-one; Cholestenone; 4-Cholesten-3-one$Zymosterol; delta8,24-Cholestadien-3beta-ol; 5alpha-Cholesta-8,24-dien-3beta-ol$5alpha-Cholesta-7,24-dien-3beta-ol$Cholesta-5,7-dien-3beta-ol; 7-Dehydrocholesterol; Provitamin D3$Vitamin D3; Cholecalciferol",Cholecalciferol,672.072937011719,631.1999999999999,40.872937011719046,0.1532572081473491,M385.34653T672.0729,28940,28940,76,2530,E1011
179,"Desmosterol; 24-Dehydrocholesterol; Cholesta-5,24-dien-3beta-ol$Cholest-4-en-3-one; Cholestenone; 4-Cholesten-3-one$Zymosterol; delta8,24-Cholestadien-3beta-ol; 5alpha-Cholesta-8,24-dien-3beta-ol$5alpha-Cholesta-7,24-dien-3beta-ol$Cholesta-5,7-dien-3beta-ol; 7-Dehydrocholesterol; Provitamin D3$Vitamin D3; Cholecalciferol",Cholest-4-en-3-one,547.050323486328,673.14,126.08967651367198,0.0019870126085015,M385.343896T547.0503,16175,16175,77,2532,E1010
180,"Desmosterol; 24-Dehydrocholesterol; Cholesta-5,24-dien-3beta-ol$Cholest-4-en-3-one; Cholestenone; 4-Cholesten-3-one$Zymosterol; delta8,24-Cholestadien-3beta-ol; 5alpha-Cholesta-8,24-dien-3beta-ol$5alpha-Cholesta-7,24-dien-3beta-ol$Cholesta-5,7-dien-3beta-ol; 7-Dehydrocholesterol; Provitamin D3$Vitamin D3; Cholecalciferol",Cholecalciferol,547.050323486328,631.1999999999999,84.14967651367192,0.0019870126085015,M385.343896T547.0503,28940,28940,76,2536,E1010
181,"3alpha,12alpha-Dihydroxy-5beta-cholanate; Deoxycholic acid; Deoxycholate; 3alpha,12alpha-Dihydroxy-5beta-cholanic acid$Chenodeoxycholate; Chenodeoxycholic acid; 3alpha,7alpha-Dihydroxy-5beta-cholanic acid; Chenodiol",Deoxycholate,601.693237304688,532.3199999999999,69.37323730468802,0.2047115133003378,M393.297745T601.6932,28834,28834,476,2567,E1032
182,"3alpha,12alpha-Dihydroxy-5beta-cholanate; Deoxycholic acid; Deoxycholate; 3alpha,12alpha-Dihydroxy-5beta-cholanic acid$Chenodeoxycholate; Chenodeoxycholic acid; 3alpha,7alpha-Dihydroxy-5beta-cholanic acid; Chenodiol",Deoxycholate,575.235961914062,532.3199999999999,42.91596191406211,0.3675187840886609,M393.299927T575.236_2,28834,28834,476,2569,E1032
183,"3alpha,12alpha-Dihydroxy-5beta-cholanate; Deoxycholic acid; Deoxycholate; 3alpha,12alpha-Dihydroxy-5beta-cholanic acid$Chenodeoxycholate; Chenodeoxycholic acid; 3alpha,7alpha-Dihydroxy-5beta-cholanic acid; Chenodiol",Deoxycholate,601.704772949219,532.3199999999999,69.38477294921904,0.3732739630657209,M394.301035T601.7048,28834,28834,476,2572,E1032
184,"3alpha,12alpha-Dihydroxy-5beta-cholanate; Deoxycholic acid; Deoxycholate; 3alpha,12alpha-Dihydroxy-5beta-cholanic acid$Chenodeoxycholate; Chenodeoxycholic acid; 3alpha,7alpha-Dihydroxy-5beta-cholanic acid; Chenodiol",Deoxycholate,575.270751953125,532.3199999999999,42.950751953125064,0.2570728719950299,M394.303307T575.2708,28834,28834,476,2575,E1032
185,2-Arachidonoylglycerol; 2-Arachidonoyl-sn-glycerol,2-arachidonoyl glycerol,751.973815917969,573.48,178.49381591796896,0.81001207968298,M401.267801T751.9738,52392,52392,503,2602,E951
186,2-Arachidonoylglycerol; 2-Arachidonoyl-sn-glycerol,2-arachidonoyl glycerol,676.526794433594,573.48,103.04679443359396,0.4827634983999208,M401.266168T676.5268_2,52392,52392,503,2603,E949
187,Sphingosine 1-phosphate,D-erythro-sphingosine 1-phosphate,549.905395507812,550.32,0.41460449218800477,0.4884342672681673,M402.237955T549.9054,37550,37550,487,2609,E1815
188,Sphingosine 1-phosphate,D-erythro-sphingosine 1-phosphate,679.0048828125,550.32,128.68488281249995,0.0135885728557752,M402.240028T679.0049_2,37550,37550,487,2610,E1816
189,Cholate,Cholate,711.608703613281,505.43999999999994,206.16870361328108,0.747691669517619,M409.292643T711.6087_2,16359,16359,456,2640,E1861
190,"3alpha,12alpha-Dihydroxy-5beta-cholanate; Deoxycholic acid; Deoxycholate; 3alpha,12alpha-Dihydroxy-5beta-cholanic acid$Chenodeoxycholate; Chenodeoxycholic acid; 3alpha,7alpha-Dihydroxy-5beta-cholanic acid; Chenodiol",Deoxycholate,576.220703125,532.3199999999999,43.900703125000064,0.1371942071066368,M415.281929T576.2207,28834,28834,476,2661,E1032
191,"3alpha,12alpha-Dihydroxy-5beta-cholanate; Deoxycholic acid; Deoxycholate; 3alpha,12alpha-Dihydroxy-5beta-cholanic acid$Chenodeoxycholate; Chenodeoxycholic acid; 3alpha,7alpha-Dihydroxy-5beta-cholanic acid; Chenodiol",Deoxycholate,213.937026977539,532.3199999999999,318.38297302246093,0.9584660447662636,M415.280448T213.937,28834,28834,476,2663,E1029
192,Cholate,Cholate,707.647430419922,505.43999999999994,202.20743041992205,0.9041368279790976,M431.280797T707.6474,16359,16359,456,2784,E1861
193,Chenodeoxyglycocholate$,Glycochenodeoxycholate,504.367568969727,504.9,0.53243103027296,0.5275172228979201,M450.32162T504.3676_3,36274,36274,455,2873,E1944
194,Chenodeoxyglycocholate$,Glycochenodeoxycholate,637.725036621094,504.9,132.825036621094,0.2709354972478484,M450.325813T637.725,36274,36274,455,2875,E1945
195,Chenodeoxyglycocholate$,Glycochenodeoxycholate,504.363189697266,504.9,0.5368103027339544,0.4785522333494875,M451.32505T504.3632_3,36274,36274,455,2880,E1944
196,Testosterone glucuronide; Testosterone 17beta-(beta-D-glucuronide)$testosterone glucuronide,Epitestosterone glucuronide,718.398162841797,402.48,315.91816284179697,0.0081704855633303,M465.250499T718.3982_2,28835,28835,388,2920,E1256
197,Chenodeoxyglycocholate$,Glycochenodeoxycholate,504.363952636719,504.9,0.5360473632809999,0.5418487865005411,M472.303794T504.364,36274,36274,455,2947,E1944
198,"O-(4-Hydroxy-3,5-diidophenyl)-3,5-diiodo-L-tyrosine; L-Thyroxine; 3,5,3'5'-Tetraiodo-L-thyronine; Levothyroxin; T4",Levothyroxine,435.127960205078,435.9,0.772039794921966,0.0387373063518041,M777.692956T435.128,18332,18332,413,3075,E1850
199,"O-(4-Hydroxy-3,5-diidophenyl)-3,5-diiodo-L-tyrosine; L-Thyroxine; 3,5,3'5'-Tetraiodo-L-thyronine; Levothyroxin; T4",Levothyroxine,435.138046264648,435.9,0.7619537353519945,0.2283972975543409,M778.696314T435.138,18332,18332,413,3076,E1850
