,compound_names,gt_compound_name,ui_retention_time,gt_retention_time,rt_difference,p_value,compoundID_from_user,gt_KEGG,ui_KEGG,gt_index,ui_index,EID
0,Octanoic acid; Caprylic acid; Octylic acid,Caprylic acid (octanoic acid),474.584274291992,561.36,86.775725708008,0.0629027924446823,M73.06487T474.5843,C06423,C06423,492,4,E12
1,L-Lysine,L-lysine,43.1834545135498,36.78,6.4034545135497964,0.7790755717607116,M74.060176T43.1835,C00047,C00047,1,7,E24
2,Sarcosine; N-Methylglycine$L-Alanine$beta-Alanine$D-Alanine,D-alanine,43.0787734985352,83.03999999999999,39.96122650146479,0.3210333478140996,M90.05511T43.0788,C00133,C00133,56,85,E82
3,"1,7-Dimethylxanthine; Paraxanthine$",Paraxanthine,416.981414794922,205.68,211.30141479492198,0.2669712351861268,M91.039322T416.9814,C13747,C13747,150,159,E112
4,"1,7-Dimethylxanthine; Paraxanthine$",Theobromine,416.981414794922,183.18,233.80141479492198,0.2669712351861268,M91.039322T416.9814,C07480,C07480,123,160,E112
5,"1,7-Dimethylxanthine; Paraxanthine$",Paraxanthine,435.116729736328,205.68,229.436729736328,0.6850571925477087,M91.039239T435.1167,C13747,C13747,150,176,E112
6,"1,7-Dimethylxanthine; Paraxanthine$",Theobromine,435.116729736328,183.18,251.936729736328,0.6850571925477087,M91.039239T435.1167,C07480,C07480,123,177,E112
7,"1,7-Dimethylxanthine; Paraxanthine$",Paraxanthine,360.945465087891,205.68,155.26546508789102,0.4740431080598404,M91.039315T360.9455,C13747,C13747,150,201,E112
8,"1,7-Dimethylxanthine; Paraxanthine$",Theobromine,360.945465087891,183.18,177.76546508789102,0.4740431080598404,M91.039315T360.9455,C07480,C07480,123,202,E112
9,"1,7-Dimethylxanthine; Paraxanthine$",Paraxanthine,395.382476806641,205.68,189.70247680664102,0.8038013881056719,M91.039305T395.3825,C13747,C13747,150,218,E112
10,"1,7-Dimethylxanthine; Paraxanthine$",Theobromine,395.382476806641,183.18,212.20247680664102,0.8038013881056719,M91.039305T395.3825,C07480,C07480,123,219,E112
11,"1,7-Dimethylxanthine; Paraxanthine$",Paraxanthine,319.927093505859,205.68,114.24709350585897,0.8509694229530494,M91.039305T319.9271,C13747,C13747,150,235,E112
12,"1,7-Dimethylxanthine; Paraxanthine$",Theobromine,319.927093505859,183.18,136.74709350585897,0.8509694229530494,M91.039305T319.9271,C07480,C07480,123,236,E112
13,"1,7-Dimethylxanthine; Paraxanthine$",Paraxanthine,288.945861816406,205.68,83.26586181640602,0.871575246466869,M91.039317T288.9459,C13747,C13747,150,252,E112
14,"1,7-Dimethylxanthine; Paraxanthine$",Theobromine,288.945861816406,183.18,105.76586181640602,0.871575246466869,M91.039317T288.9459,C07480,C07480,123,253,E112
15,Sarcosine; N-Methylglycine$L-Alanine$beta-Alanine$D-Alanine,D-alanine,42.635311126709,83.03999999999999,40.40468887329099,0.15416225480397,M91.058456T42.6353,C00133,C00133,56,259,E82
16,Cytosine,Cytosine,98.6643104553223,97.74,0.9243104553222992,0.1020968678938793,M112.050712T98.6643,C00380,C00380,60,291,E188
17,Uracil,Uracil,82.3572845458984,83.03999999999999,0.6827154541015972,0.0477324875185338,M113.034836T82.3573_2,C00106,C00106,55,292,E189
18,Uracil,Uracil,82.3377952575684,83.03999999999999,0.70220474243159,0.1920648624359811,M114.038184T82.3378,C00106,C00106,55,300,E189
19,,Creatinine,43.6887092590332,44.04,0.351290740966796,0.1118940565690318,M114.066421T43.6887_2,C00791,C00791,16,302,E201
20,,Creatinine,43.6940307617188,44.04,0.3459692382811994,0.1015578681652895,M115.070229T43.694_2,C00791,C00791,16,304,E201
21,acetamidopropanal$D-Proline$L-Proline,D-(+)-proline,43.9530963897705,59.46,15.5069036102295,0.1109773130653904,M116.070821T43.9531_2,C00763,C00763,40,306,E217
22,acetamidopropanal$D-Proline$L-Proline,L-proline,43.9530963897705,44.94,0.986903610229497,0.1109773130653904,M116.070821T43.9531_2,C00148,C00148,22,307,E217
23,L-Allo-threonine$L-Threonine,L-allo-threonine,162.343162536621,43.8,118.54316253662101,0.3721636802411517,M120.065868T162.3432_4,C05519,C05519,13,370,E249
24,L-Allo-threonine$L-Threonine,L-allo-threonine,43.1872940063477,43.8,0.6127059936522983,0.8716126693700275,M120.065675T43.1873,C05519,C05519,13,372,E248
25,Benzoate; Benzoic acid; Benzenecarboxylic acid; Phenylformic acid; Dracylic acid$4-Hydroxybenzaldehyde; p-Hydroxybenzaldehyde,4-hydroxybenzaldehyde,80.84375,241.02,160.17625,0.498007914058149,M123.044269T80.8438_2,C00633,C00633,199,392,E268
26,Benzoate; Benzoic acid; Benzenecarboxylic acid; Phenylformic acid; Dracylic acid$4-Hydroxybenzaldehyde; p-Hydroxybenzaldehyde,4-hydroxybenzaldehyde,497.031219482422,241.02,256.011219482422,0.1099836121920877,M123.044225T497.0312,C00633,C00633,199,394,E270
27,Benzoate; Benzoic acid; Benzenecarboxylic acid; Phenylformic acid; Dracylic acid$4-Hydroxybenzaldehyde; p-Hydroxybenzaldehyde,4-hydroxybenzaldehyde,203.605094909668,241.02,37.41490509033201,4.616661482705084e-05,M123.044107T203.6051,C00633,C00633,199,396,E269
28,Nicotinamide,Nicotinamide,65.9432830810547,66.72,0.7767169189452972,0.1050916533435167,M123.055497T65.9433,C00153,C00153,48,397,E271
29,Benzoate; Benzoic acid; Benzenecarboxylic acid; Phenylformic acid; Dracylic acid$4-Hydroxybenzaldehyde; p-Hydroxybenzaldehyde,4-hydroxybenzaldehyde,80.84375,241.02,160.17625,0.2951957293874891,M124.047854T80.8438,C00633,C00633,199,399,E268
30,Nicotinamide,Nicotinamide,65.7309646606445,66.72,0.989035339355496,0.0883926802500247,M124.058943T65.731,C00153,C00153,48,400,E271
31,Succinate semialdehyde; Succinic semialdehyde; 4-Oxobutanoate$(S)-Methylmalonate semialdehyde$2-Methyl-3-oxopropanoate; 3-Oxo-2-methylpropanoate; Methylmalonate semialdehyde$2-Oxobutanoate$Acetoacetate,Acetoacetate,41.5538749694824,66.17999999999999,24.626125030517592,0.0010931816931977,M125.021377T41.5539,C00164,C00164,47,405,E275
32,2-Hydroxybutyrate$(R)-3-Hydroxybutanoate; (R)-3-Hydroxybutanoic acid; (R)-3-Hydroxybutyric acid$(S)-3-Hydroxybutanoate$(S)-3-Hydroxyisobutyrate$4-Hydroxybutanoic acid; 4-Hydroxybutanoate; 4-Hydroxybutyric acid,4-hydroxybutyric acid (GHB),766.723541259766,91.08,675.6435412597659,0.447463334068345,M127.035382T766.7235,C00989,C00989,58,414,E294
33,2-Hydroxybutyrate$(R)-3-Hydroxybutanoate; (R)-3-Hydroxybutanoic acid; (R)-3-Hydroxybutyric acid$(S)-3-Hydroxybutanoate$(S)-3-Hydroxyisobutyrate$4-Hydroxybutanoic acid; 4-Hydroxybutanoate; 4-Hydroxybutyric acid,4-hydroxybutyric acid (GHB),893.367370605469,91.08,802.2873706054689,0.6622347961802649,M127.037823T893.3674,C00989,C00989,58,419,E295
34,2-Hydroxybutyrate$(R)-3-Hydroxybutanoate; (R)-3-Hydroxybutanoic acid; (R)-3-Hydroxybutyric acid$(S)-3-Hydroxybutanoate$(S)-3-Hydroxyisobutyrate$4-Hydroxybutanoic acid; 4-Hydroxybutanoate; 4-Hydroxybutyric acid,4-hydroxybutyric acid (GHB),872.002075195312,91.08,780.922075195312,0.2077694597521578,M127.03781T872.0021,C00989,C00989,58,424,E295
35,2-Hydroxybutyrate$(R)-3-Hydroxybutanoate; (R)-3-Hydroxybutanoic acid; (R)-3-Hydroxybutyric acid$(S)-3-Hydroxybutanoate$(S)-3-Hydroxyisobutyrate$4-Hydroxybutanoic acid; 4-Hydroxybutanoate; 4-Hydroxybutyric acid,4-hydroxybutyric acid (GHB),845.632385253906,91.08,754.552385253906,0.5166707813447171,M127.037799T845.6324,C00989,C00989,58,429,E295
36,Thymine$Imidazole-4-acetate; Imidazoleacetic acid; 4-Imidazoleacetate,4-imidazoleacetic acid,145.675567626953,157.26,11.58443237304698,0.6750395699230636,M127.049934T145.6756,C02835,C02835,105,431,E299
37,"5,6-Dihydrothymine",Dihydrothymine,34.210277557373,108.72,74.50972244262701,0.5374880021346562,M128.058725T34.2103_6,C00906,C00906,62,432,E301
38,"5,6-Dihydrothymine",Dihydrothymine,43.6668243408203,108.72,65.0531756591797,0.1494680082872179,M129.066092T43.6668,C00906,C00906,62,435,E301
39,"5,6-Dihydrothymine",Dihydrothymine,108.740852355957,108.72,0.020852355957003965,0.8177692998144539,M129.065978T108.7409,C00906,C00906,62,436,E302
40,"5,6-Dihydrothymine",Dihydrothymine,95.1093368530273,108.72,13.610663146972698,0.0460628199521178,M129.066101T95.1093,C00906,C00906,62,437,E302
41,5-Oxoproline$L-1-Pyrroline-3-hydroxy-5-carboxylate$1-Pyrroline-4-hydroxy-2-carboxylate,L-pyroglutamic acid,45.7968521118164,240.71999999999997,194.92314788818356,0.9751188159410312,M130.050124T45.7969,C01879,C01879,197,439,E316
42,5-Oxoproline$L-1-Pyrroline-3-hydroxy-5-carboxylate$1-Pyrroline-4-hydroxy-2-carboxylate,L-pyroglutamic acid,76.6810455322266,240.71999999999997,164.03895446777335,0.9156713380195808,M130.05014T76.681,C01879,C01879,197,443,E317
43,"5,6-Dihydrothymine",Dihydrothymine,43.6525001525879,108.72,65.06749984741211,0.3108416166224394,M130.069526T43.6525,C00906,C00906,62,451,E301
44,N4-Acetylaminobutanal$L-Pipecolate; Pipecolinic acid; Pipecolic acid; 2-Piperidinecarboxylic acid,Pipecolate,36.9225463867188,36.839999999999996,0.08254638671880343,0.6153666956291822,M130.086577T36.9225_1,C00408,C00408,2,453,E324
45,N4-Acetylaminobutanal$L-Pipecolate; Pipecolinic acid; Pipecolic acid; 2-Piperidinecarboxylic acid,Pipecolate,62.2113304138184,36.839999999999996,25.371330413818406,0.9860655865648136,M130.086605T62.2113_1,C00408,C00408,2,455,E324
46,5-Oxoproline$L-1-Pyrroline-3-hydroxy-5-carboxylate$1-Pyrroline-4-hydroxy-2-carboxylate,L-pyroglutamic acid,44.331729888916,240.71999999999997,196.38827011108395,0.6041183902772289,M131.053491T44.3317,C01879,C01879,197,456,E316
47,5-Oxoproline$L-1-Pyrroline-3-hydroxy-5-carboxylate$1-Pyrroline-4-hydroxy-2-carboxylate,L-pyroglutamic acid,76.7079582214355,240.71999999999997,164.01204177856448,0.7460396378350653,M131.053884T76.708,C01879,C01879,197,459,E317
48,Creatine; alpha-Methylguanidino acetic acid; Methylglycocyamine,Creatine,291.514343261719,44.4,247.11434326171897,0.0268144994819747,M131.069792T291.5143,C00300,C00300,18,468,E345
49,N4-Acetylaminobutanal$L-Pipecolate; Pipecolinic acid; Pipecolic acid; 2-Piperidinecarboxylic acid,Pipecolate,62.1470947265625,36.839999999999996,25.307094726562504,0.9174945583204172,M131.090051T62.1471,C00408,C00408,2,518,E324
50,N4-Acetylaminobutanal$L-Pipecolate; Pipecolinic acid; Pipecolic acid; 2-Piperidinecarboxylic acid,Pipecolate,37.0671615600586,36.839999999999996,0.22716156005860455,0.9389865000757978,M131.090055T37.0672,C00408,C00408,2,520,E324
51,L-Leucine$L-Isoleucine,L-isoleucine,99.2145881652832,101.22,2.0054118347167957,0.6599579045219883,M132.10214T99.2146_3,C00407,C00407,61,523,E351
52,"Ornithine$D-Ornithine$Ornithine; 2,5-Diaminovaleric acid; 2,5-Diaminopentanoic acid; 2,5-Diaminopentanoate",L(+)-ornithine,37.1227836608887,235.68,198.5572163391113,0.0869138785550971,M133.097407T37.1228,C00077,C00077,189,529,E359
53,"Ornithine$D-Ornithine$Ornithine; 2,5-Diaminovaleric acid; 2,5-Diaminopentanoic acid; 2,5-Diaminopentanoate",D-ornithine,37.1227836608887,36.839999999999996,0.282783660888704,0.0869138785550971,M133.097407T37.1228,C00515,C00515,3,530,E359
54,"Ornithine$D-Ornithine$Ornithine; 2,5-Diaminovaleric acid; 2,5-Diaminopentanoic acid; 2,5-Diaminopentanoate",Ornithine,37.1227836608887,183.66,146.5372163391113,0.0869138785550971,M133.097407T37.1228,C01602,C01602,124,531,E359
55,"Ornithine$D-Ornithine$Ornithine; 2,5-Diaminovaleric acid; 2,5-Diaminopentanoic acid; 2,5-Diaminopentanoate",L(+)-ornithine,36.5638465881348,235.68,199.1161534118652,0.1491025391820532,M134.100801T36.5638,C00077,C00077,189,533,E359
56,"Ornithine$D-Ornithine$Ornithine; 2,5-Diaminovaleric acid; 2,5-Diaminopentanoic acid; 2,5-Diaminopentanoate",D-ornithine,36.5638465881348,36.839999999999996,0.27615341186519515,0.1491025391820532,M134.100801T36.5638,C00515,C00515,3,534,E359
57,"Ornithine$D-Ornithine$Ornithine; 2,5-Diaminovaleric acid; 2,5-Diaminopentanoic acid; 2,5-Diaminopentanoate",Ornithine,36.5638465881348,183.66,147.0961534118652,0.1491025391820532,M134.100801T36.5638,C01602,C01602,124,535,E359
58,,Creatinine,42.6373100280762,44.04,1.4026899719237989,0.0012942949124281,M136.048522T42.6373_1,C00791,C00791,16,542,E201
59,Hypoxanthine,Hypoxanthine,65.9373397827148,66.84,0.9026602172852023,0.2377337278926097,M137.046044T65.9373_2,C00262,C00262,49,548,E384
60,Hypoxanthine,Hypoxanthine,48.216157913208,66.84,18.623842086792003,0.2841169897987733,M137.045993T48.2162,C00262,C00262,49,549,E384
61,Phenylacetic acid; Benzylformic acid; Phenylacetate; Benzeneacetiic acid$4-Hydroxyphenylacetaldehyde,Phenylacetic acid,203.955535888672,440.21999999999997,236.26446411132798,0.0001549642713602,M137.05979T203.9555,C07086,C07086,419,550,E387
62,Phenylacetic acid; Benzylformic acid; Phenylacetate; Benzeneacetiic acid$4-Hydroxyphenylacetaldehyde,Phenylacetic acid,497.065124511719,440.21999999999997,56.84512451171901,0.0776344450956027,M137.059891T497.0651,C07086,C07086,419,552,E390
63,Phenylacetic acid; Benzylformic acid; Phenylacetate; Benzeneacetiic acid$4-Hydroxyphenylacetaldehyde,Phenylacetic acid,378.632369995117,440.21999999999997,61.58763000488295,0.932976146989823,M137.059753T378.6324,C07086,C07086,419,554,E389
64,Phenylacetic acid; Benzylformic acid; Phenylacetate; Benzeneacetiic acid$4-Hydroxyphenylacetaldehyde,Phenylacetic acid,80.8362655639648,440.21999999999997,359.3837344360352,0.28027320138215,M137.059944T80.8363_1,C07086,C07086,419,556,E386
65,Phenylacetic acid; Benzylformic acid; Phenylacetate; Benzeneacetiic acid$4-Hydroxyphenylacetaldehyde,Phenylacetic acid,283.296691894531,440.21999999999997,156.92330810546895,0.5478517438019961,M137.059765T283.2967,C07086,C07086,419,558,E388
66,acetamidopropanal$D-Proline$L-Proline,D-(+)-proline,44.6210021972656,59.46,14.838997802734404,0.8771986882733952,M138.053521T44.621,C00763,C00763,40,576,E217
67,acetamidopropanal$D-Proline$L-Proline,L-proline,44.6210021972656,44.94,0.31899780273440115,0.8771986882733952,M138.053521T44.621,C00148,C00148,22,577,E217
68,Anthranilate,Anthranilic acid,223.395309448242,261.65999999999997,38.26469055175798,0.9549689751884266,M138.054638T223.3953,C00108,C00108,223,578,E383
69,Phenylacetic acid; Benzylformic acid; Phenylacetate; Benzeneacetiic acid$4-Hydroxyphenylacetaldehyde,Phenylacetic acid,378.619674682617,440.21999999999997,61.60032531738295,0.5411842984615178,M138.06353T378.6197,C07086,C07086,419,579,E389
70,Gentisate aldehyde$4-Hydroxybenzoate,4-hydroxybenzoate,264.738555908203,229.02,35.718555908203,0.0330335384916922,M139.039246T264.7386_2,C00156,C00156,176,582,E399
71,Gentisate aldehyde$4-Hydroxybenzoate,4-hydroxybenzoate,436.442138671875,229.02,207.422138671875,0.8202126558837548,M139.040322T436.4421,C00156,C00156,176,584,E400
72,Gentisate aldehyde$4-Hydroxybenzoate,4-hydroxybenzoate,222.701095581055,229.02,6.31890441894501,0.0553709708280261,M139.039053T222.7011_1,C00156,C00156,176,586,E398
73,Gentisate aldehyde$4-Hydroxybenzoate,4-hydroxybenzoate,264.668640136719,229.02,35.64864013671897,0.0460495111835673,M140.042869T264.6686_2,C00156,C00156,176,591,E399
74,Guanidinoacetate; Guanidinoacetic acid; Glycocyamine; N-Amidinoglycine; Guanidoacetic acid$Guanidinoacetate,Guanidinoacetate,264.668640136719,43.26,221.408640136719,0.0460495111835673,M140.042869T264.6686_2,C00581,C00581,9,592,E412
75,L-Allo-threonine$L-Threonine,L-allo-threonine,42.6430644989014,43.8,1.1569355010985944,0.8323021680460562,M142.047854T42.6431,C05519,C05519,13,613,E248
76,"beta-Naphthol; 2-Naphthol$$(1S,2R)-Naphthalene 1,2-oxide; (1S,2R)-Naphthalene epoxide",1-naphthol,354.880432128906,355.26,0.3795678710939683,0.0510930228247516,M145.065064T354.8804,C11714,C11714,339,625,E442
77,Octanoic acid; Caprylic acid; Octylic acid,Caprylic acid (octanoic acid),488.670639038086,561.36,72.68936096191402,0.0379225811869735,M145.122562T488.6706,C06423,C06423,492,627,E12
78,"beta-Naphthol; 2-Naphthol$$(1S,2R)-Naphthalene 1,2-oxide; (1S,2R)-Naphthalene epoxide",1-naphthol,354.950973510742,355.26,0.30902648925797394,0.636690074772239,M146.068425T354.951,C11714,C11714,339,629,E442
79,dehydrospermidine$Spermidine,Spermidine,35.8887462615967,36.78,0.8912537384033001,0.5004367056633166,M146.165427T35.8887,C00315,C00315,0,634,E462
80,,Coumarin,503.791687011719,207.54,296.251687011719,0.0002698610110468,M147.042969T503.7917,C05851,C05851,152,636,E477
81,,Coumarin,80.8434448242188,207.54,126.69655517578119,0.4573852441042906,M147.044313T80.8434_1,C05851,C05851,152,637,E475
82,,Coumarin,204.716361999512,207.54,2.823638000487989,0.0230324785455537,M147.044336T204.7164,C05851,C05851,152,638,E476
83,L-Glutamine$3-Ureidoisobutyrate$D-Glutamine; D-2-Aminoglutaramic acid,L-glutamine,62.199182510376,43.92,18.279182510375996,0.7834219010746882,M147.076352T62.1992_1,C00064,C00064,15,643,E453
84,L-Glutamine$3-Ureidoisobutyrate$D-Glutamine; D-2-Aminoglutaramic acid,L-glutamine,43.2995338439941,43.92,0.6204661560059037,0.067949814771512,M147.076473T43.2995,C00064,C00064,15,646,E452
85,L-Lysine,L-lysine,36.6283493041992,36.78,0.1516506958008037,0.8304188218719887,M147.113048T36.6283_2,C00047,C00047,1,649,E24
86,,Coumarin,81.1135864257812,207.54,126.4264135742188,0.9493247385046452,M148.047873T81.1136,C05851,C05851,152,652,E475
87,D-Glutamate; D-Glutamic acid; D-Glutaminic acid; D-2-Aminoglutaric acid$L-Glutamate$L-4-Hydroxyglutamate semialdehyde,L-glutamic acid,43.1768455505371,269.64,226.46315444946288,0.0491728620509614,M148.060705T43.1768,C00025,C00025,236,654,E494
88,L-Glutamine$3-Ureidoisobutyrate$D-Glutamine; D-2-Aminoglutaramic acid,L-glutamine,43.6106967926025,43.92,0.30930320739749817,0.156958968518461,M148.080024T43.6107,C00064,C00064,15,656,E452
89,L-Lysine,L-lysine,36.5542907714844,36.78,0.22570922851559772,0.9076325020268106,M148.117029T36.5543,C00047,C00047,1,659,E24
90,L-Methionine,L-methionine,64.7821922302246,65.46,0.6778077697753986,0.4810537979890177,M150.058591T64.7822_3,C00073,C00073,46,668,E526
91,L-Methionine,L-methionine,50.1414451599121,65.46,15.318554840087891,0.579351804136058,M150.058598T50.1414,C00073,C00073,46,669,E526
92,"5,6-Dihydrothymine",Dihydrothymine,42.6345443725586,108.72,66.0854556274414,0.1091450514594276,M151.048123T42.6345,C00906,C00906,62,681,E301
93,"(6Z,9Z,12Z)-Octadecatrienoic acid; 6,9,12-Octadecatrienoic acid; gamma-Linolenic acid; Gamolenic acid$(9Z,12Z,15Z)-Octadecatrienoic acid; alpha-Linolenic acid; 9,12,15-Octadecatrienoic acid; Linolenate; alpha-Linolenate",Gamma-linolenic acid,586.6015625,520.14,66.46156250000001,0.1030816957101666,M151.111966T586.6016,C06426,C06426,467,693,E545
94,"(6Z,9Z,12Z)-Octadecatrienoic acid; 6,9,12-Octadecatrienoic acid; gamma-Linolenic acid; Gamolenic acid$(9Z,12Z,15Z)-Octadecatrienoic acid; alpha-Linolenic acid; 9,12,15-Octadecatrienoic acid; Linolenate; alpha-Linolenate",alpha-linolenic acid,586.6015625,537.0600000000001,49.54156249999994,0.1030816957101666,M151.111966T586.6016,C06427,C06427,479,694,E545
95,5-Oxoproline$L-1-Pyrroline-3-hydroxy-5-carboxylate$1-Pyrroline-4-hydroxy-2-carboxylate,L-pyroglutamic acid,47.1450080871582,240.71999999999997,193.57499191284177,0.9394554639186362,M152.032082T47.145,C01879,C01879,197,696,E316
96,5-Oxoproline$L-1-Pyrroline-3-hydroxy-5-carboxylate$1-Pyrroline-4-hydroxy-2-carboxylate,L-pyroglutamic acid,76.2256088256836,240.71999999999997,164.49439117431638,0.3227121498303774,M152.032083T76.2256,C01879,C01879,197,700,E317
97,5-Oxoproline$L-1-Pyrroline-3-hydroxy-5-carboxylate$1-Pyrroline-4-hydroxy-2-carboxylate,L-pyroglutamic acid,516.953979492188,240.71999999999997,276.233979492188,0.0006406907247874,M152.030988T516.954,C01879,C01879,197,704,E318
98,N4-Acetylaminobutanal$L-Pipecolate; Pipecolinic acid; Pipecolic acid; 2-Piperidinecarboxylic acid,Pipecolate,45.1460952758789,36.839999999999996,8.306095275878903,0.247549924161144,M152.068653T45.1461,C00408,C00408,2,708,E324
99,"3,4-Dihydroxyphenylacetaldehyde; Protocatechuatealdehyde$4-Hydroxyphenylacetate$2-Hydroxyphenylacetate",4-hydroxyphenylacetic acid,263.033508300781,234.48,28.553508300781033,0.6563647223456325,M153.054049T263.0335,C00642,C00642,188,721,E558
100,arachidonic acid,Arachidonic acid,593.69873046875,585.36,8.338730468749986,0.1203654114611614,M153.127624T593.6987_2,C00219,C00219,508,726,E573
101,"Perillyl alcohol; (-)-Perillyl alcohol; p-Mentha-1,8-dien-7-ol; (-)-Perillylalcohol$(+)-trans-Carveol; (4S,6R)-trans-Carveol$$(-)-trans-Carveol",alpha-pinene-2-oxide,593.69873046875,481.56,112.13873046875,0.1203654114611614,M153.127624T593.6987_2,C02759,C02759,447,729,E576
102,(9Z)-Octadecenoic acid; (Z)-Octadec-9-enoic acid; Oleate; Oleic acid,Oleate,593.69873046875,599.8199999999999,6.121269531249936,0.1203654114611614,M153.127624T593.6987_2,C00712,C00712,514,731,E581
103,"Perillyl alcohol; (-)-Perillyl alcohol; p-Mentha-1,8-dien-7-ol; (-)-Perillylalcohol$(+)-trans-Carveol; (4S,6R)-trans-Carveol$$(-)-trans-Carveol",alpha-pinene-2-oxide,489.880340576172,481.56,8.320340576171986,0.3367454845102702,M153.12764T489.8803,C02759,C02759,447,734,E575
104,"Perillyl alcohol; (-)-Perillyl alcohol; p-Mentha-1,8-dien-7-ol; (-)-Perillylalcohol$(+)-trans-Carveol; (4S,6R)-trans-Carveol$$(-)-trans-Carveol",alpha-pinene-2-oxide,454.382202148438,481.56,27.17779785156199,0.7523495207959736,M153.127648T454.3822,C02759,C02759,447,738,E574
105,Creatine; alpha-Methylguanidino acetic acid; Methylglycocyamine,Creatine,263.086715698242,44.4,218.686715698242,0.3789176347539717,M154.058618T263.0867,C00300,C00300,18,754,E345
106,"3,4-Dihydroxyphenylacetaldehyde; Protocatechuatealdehyde$4-Hydroxyphenylacetate$2-Hydroxyphenylacetate",4-hydroxyphenylacetic acid,263.086715698242,234.48,28.606715698242027,0.3789176347539717,M154.058618T263.0867,C00642,C00642,188,756,E558
107,L-Leucine$L-Isoleucine,L-isoleucine,98.6612091064453,101.22,2.5587908935547006,0.3971832806665654,M154.084246T98.6612,C00407,C00407,61,759,E351
108,"Perillyl alcohol; (-)-Perillyl alcohol; p-Mentha-1,8-dien-7-ol; (-)-Perillylalcohol$(+)-trans-Carveol; (4S,6R)-trans-Carveol$$(-)-trans-Carveol",alpha-pinene-2-oxide,454.415893554688,481.56,27.14410644531199,0.4178570100588736,M154.130986T454.4159,C02759,C02759,447,762,E574
109,"Perillyl alcohol; (-)-Perillyl alcohol; p-Mentha-1,8-dien-7-ol; (-)-Perillylalcohol$(+)-trans-Carveol; (4S,6R)-trans-Carveol$$(-)-trans-Carveol",alpha-pinene-2-oxide,593.625915527344,481.56,112.06591552734398,0.1508691925042936,M154.130975T593.6259,C02759,C02759,447,766,E576
110,L-Histidine,L-histidine,475.875503540039,43.08,432.795503540039,0.150180498418841,M155.070243T475.8755,C00135,C00135,6,773,E604
111,"Ornithine$D-Ornithine$Ornithine; 2,5-Diaminovaleric acid; 2,5-Diaminopentanoic acid; 2,5-Diaminopentanoate",L(+)-ornithine,38.7590713500977,235.68,196.9209286499023,0.0642636230491837,M155.07943T38.7591,C00077,C00077,189,774,E359
112,"Ornithine$D-Ornithine$Ornithine; 2,5-Diaminovaleric acid; 2,5-Diaminopentanoic acid; 2,5-Diaminopentanoate",D-ornithine,38.7590713500977,36.839999999999996,1.9190713500977026,0.0642636230491837,M155.07943T38.7591,C00515,C00515,3,775,E359
113,"Ornithine$D-Ornithine$Ornithine; 2,5-Diaminovaleric acid; 2,5-Diaminopentanoic acid; 2,5-Diaminopentanoate",Ornithine,38.7590713500977,183.66,144.9009286499023,0.0642636230491837,M155.07943T38.7591,C01602,C01602,124,776,E359
114,L-Histidine,L-histidine,42.6355895996094,43.08,0.4444104003905949,0.0069673716303879,M156.077071T42.6356,C00135,C00135,6,784,E600
115,L-Histidine,L-histidine,60.79345703125,43.08,17.71345703125,0.0077339207149691,M156.076881T60.7935,C00135,C00135,6,785,E601
116,L-Histidine,L-histidine,42.44362449646,43.08,0.6363755035400018,0.0022990272644989,M157.08123T42.4436_3,C00135,C00135,6,792,E600
117,Geranyl diphosphate,Geranyl pyrophosphate,436.367523193359,439.02,2.6524768066410047,0.9993957364135562,M158.041587T436.3675,C00341,C00341,415,803,E626
118,Hypoxanthine,Hypoxanthine,48.5593757629395,66.84,18.2806242370605,0.3789176347539717,M159.028035T48.5594,C00262,C00262,49,804,E384
119,Hypoxanthine,Hypoxanthine,65.4211502075195,66.84,1.4188497924805006,0.681376346240834,M159.02802T65.4212_1,C00262,C00262,49,806,E384
120,Hypoxanthine,Hypoxanthine,547.466064453125,66.84,480.62606445312497,0.4679538675006427,M159.029249T547.4661,C00262,C00262,49,808,E385
121,Indole-3-acetaldehyde,Indole-3-acetaldehyde,199.983901977539,317.76,117.77609802246099,0.5126888886718429,M160.07572T199.9839,C00637,C00637,303,814,E648
122,Indole-3-acetaldehyde,Indole-3-acetaldehyde,291.525726318359,317.76,26.234273681641014,6.498414212922305e-05,M160.07578T291.5257,C00637,C00637,303,815,E649
123,Indole-3-acetaldehyde,Indole-3-acetaldehyde,381.035189582031,317.76,63.27518958203103,0.6653833681536008,M160.075976T381.0352,C00637,C00637,303,816,E650
124,Indole-3-acetaldehyde,Indole-3-acetaldehyde,199.447372436523,317.76,118.31262756347698,0.4120187863100438,M161.079275T199.4474,C00637,C00637,303,822,E648
125,arachidonic acid,Arachidonic acid,43.255220413208,585.36,542.104779586792,0.4928577498735512,M164.118059T43.2552_2,C00219,C00219,508,824,E567
126,L-Phenylalanine$,L-phenylalanine,81.1728820800781,163.62,82.44711791992191,0.6047776776909687,M165.077086T81.1729_3,C00079,C00079,109,844,E686
127,L-Phenylalanine$,L-phenylalanine,162.415054321289,163.62,1.204945678710999,0.0508453340968359,M166.086508T162.4151_6,C00079,C00079,109,860,E686
128,L-Phenylalanine$,L-phenylalanine,239.356872558594,163.62,75.736872558594,0.9684423674192236,M166.08657T239.3569,C00079,C00079,109,862,E687
129,$,7-methylxanthine,346.710052490234,143.33999999999997,203.370052490234,0.8547376607606275,M167.055868T346.7101,C16353,C16353,89,873,E716
130,L-Phenylalanine$,L-phenylalanine,162.410293579102,163.62,1.2097064208980157,0.04428625896819,M167.089818T162.4103_2,C00079,C00079,109,876,E686
131,Pyridoxamine,Pyridoxamine,162.596374511719,169.08,6.483625488281007,0.0349458658504061,M168.090948T162.5964,C00534,C00534,112,886,E747
132,L-Glutamine$3-Ureidoisobutyrate$D-Glutamine; D-2-Aminoglutaramic acid,L-glutamine,62.1095714569092,43.92,18.1895714569092,0.9142702265000524,M169.058552T62.1096,C00064,C00064,15,894,E453
133,L-Glutamine$3-Ureidoisobutyrate$D-Glutamine; D-2-Aminoglutaramic acid,L-glutamine,42.5783500671387,43.92,1.3416499328613014,0.1983972349405423,M169.058404T42.5784,C00064,C00064,15,897,E452
134,L-Lysine,L-lysine,38.2091255187988,36.78,1.4291255187987986,0.7591261900422247,M169.094911T38.2091_2,C00047,C00047,1,900,E24
135,L-Lysine,L-lysine,62.7052993774414,36.78,25.925299377441398,0.7187185587763608,M169.095636T62.7053_7,C00047,C00047,1,901,E25
136,Pyridoxamine,Pyridoxamine,62.7052993774414,169.08,106.3747006225586,0.7187185587763608,M169.095636T62.7053_7,C00534,C00534,112,902,E746
137,Pyridoxamine,Pyridoxamine,167.616592407227,169.08,1.4634075927730237,0.4583358822410466,M169.096734T167.6166,C00534,C00534,112,903,E747
138,"5-Hydroperoxy-6-trans-8,11,14-cis-eicosatetraenoate$Prostaglandin B1$(13E)-(15S)-15-Hydroxy-9-oxoprosta-10,13-dienoate; Prostaglandin A1; PGA1$(13E)-(15S)-15-Hydroxy-9-oxoprosta-11,13-dienoate; Prostaglandin C1$15(S)-HPETE; (5Z,8Z,11Z,13E)-(15S)-15-Hydroperoxyicosa-5,8,11,13-tetraenoic acid; 15-Hydroperoxyeicosatetraenoate; 15-Hydroperoxyicosatetraenoate; 15-Hydroperoxyeicosatetraenoic acid; 15-Hydroperoxyicosatetraenoic acid; (5Z,8Z,11Z,13E)-(15S)-15-Hydroperoxyicosa-5,8,11,13-tetraenoate$12(S)-HPETE; (5Z,8Z,10E,14Z)-(12S)-12-Hydroperoxyicosa-5,8,10,14-tetraenoic acid; (5Z,8Z,10E,14Z)-(12S)-12-Hydroperoxyicosa-5,8,10,14-tetraenoate; 12-Hydroperoxyeicosatetraenoate; 12-Hydroperoxyicosatetraenoate; 12-Hydroperoxyeicosatetraenoic acid; 12-Hydroperoxyicosatetraenoic acid$11H-14,15-EETA; 11-Hydroxy-14,15-EETA; 11-Hydroxy-14,15-epoxyeicosatrienoic acid; (5Z,8Z,12E)-14,15-Epoxy-11-hydroxyeicosa-5,8,12-trienoic acid; (5Z,8Z,12E)-14,15-Epoxy-11-hydroxyicosa-5,8,12-trienoic acid$Leukotriene B4$(5Z,9E,14Z)-(8xi,11R,12S)-11,12-Epoxy-8-hydroxyicosa-5,9,14-trienoic acid; (5Z,9E,14Z)-(8xi,11R,12S)-11,12-Epoxy-8-hydroxyicosa-5,9,14-trienoate; Hepoxilin A3$15H-11,12-EETA; 15-Hydroxy-11,12-epoxyeicosatrienoic acid; (5Z,8Z,13E)-(15S)-11,12-Epoxy-15-hydroxyeicosa-5,8,13-trienoic acid; (5Z,8Z,13E)-(15S)-11,12-Epoxy-15-hydroxyicosa-5,8,13-trienoic acid",Prostaglandin B1,586.581176757812,512.7,73.881176757812,0.0046011443864094,M169.122556T586.5812,C00959,C00959,460,907,E765
139,D-Glutamate; D-Glutamic acid; D-Glutaminic acid; D-2-Aminoglutaric acid$L-Glutamate$L-4-Hydroxyglutamate semialdehyde,L-glutamic acid,62.6563949584961,269.64,206.9836050415039,0.0078616638831279,M170.040785T62.6564,C00025,C00025,236,918,E495
140,N(pi)-Methyl-L-histidine; 1-Methylhistidine; N-pros-Methyl-L-histidine,1-methyl-L-histidine,42.5765171051025,43.68,1.1034828948974962,0.6989235615070443,M170.094032T42.5765_2,C01152,C01152,11,920,E755
141,L-Methionine,L-methionine,64.4718284606934,65.46,0.9881715393065917,0.1844617581804425,M172.040498T64.4718_2,C00073,C00073,46,927,E526
142,L-Methionine,L-methionine,50.2738151550293,65.46,15.186184844970697,0.9544812256758148,M172.040538T50.2738,C00073,C00073,46,928,E526
143,"3,4-Dihydroxyphenylacetaldehyde; Protocatechuatealdehyde$4-Hydroxyphenylacetate$2-Hydroxyphenylacetate",4-hydroxyphenylacetic acid,267.066696166992,234.48,32.58669616699203,0.0202626523398294,M175.03687T267.0667,C00642,C00642,188,935,E558
144,Indole-3-acetate$5-Hydroxyindoleacetaldehyde,Indole-3-acetate,314.288513183594,273.12,41.16851318359397,0.2627063197635111,M175.062014T314.2885_2,C00954,C00954,239,940,E800
145,Indole-3-acetamide,Indole-3-acetamide,125.176258087158,123.60000000000001,1.5762580871579956,0.0004554474109491,M175.087302T125.1763,C02693,C02693,82,942,E801
146,L-Arginine$D-Arginine; D-2-Amino-5-guanidinovaleric acid,L-arginine,42.5390663146973,43.08,0.5409336853026971,0.1441066869941953,M175.119303T42.5391_2,C00062,C00062,7,943,E75
147,Indole-3-acetate$5-Hydroxyindoleacetaldehyde,Indole-3-acetate,314.250106811523,273.12,41.13010681152298,0.7877251681688616,M176.07091T314.2501_3,C00954,C00954,239,947,E800
148,L-Arginine$D-Arginine; D-2-Amino-5-guanidinovaleric acid,L-arginine,42.6341705322266,43.08,0.44582946777340027,0.4478433334822414,M176.122765T42.6342_2,C00062,C00062,7,950,E75
149,Indole-3-acetate$5-Hydroxyindoleacetaldehyde,Indole-3-acetate,314.196166992188,273.12,41.07616699218801,0.7829491269730208,M177.074244T314.1962_1,C00954,C00954,239,953,E800
150,L-Histidine,L-histidine,474.632415771484,43.08,431.552415771484,0.8986842949049495,M178.057151T474.6324,C00135,C00135,6,962,E604
151,L-Histidine,L-histidine,41.2218132019043,43.08,1.8581867980957014,0.0162675036324795,M178.059049T41.2218,C00135,C00135,6,963,E600
152,Cys-Gly,Cysteinylglycine,155.816467285156,250.32,94.503532714844,0.4577524100889986,M179.049004T155.8165,C01419,C01419,208,966,E835
153,"1,7-Dimethylxanthine; Paraxanthine$",Paraxanthine,359.155868530273,205.68,153.47586853027298,0.0839645924214552,M180.065834T359.1559,C13747,C13747,150,982,E112
154,"1,7-Dimethylxanthine; Paraxanthine$",Theobromine,359.155868530273,183.18,175.97586853027298,0.0839645924214552,M180.065834T359.1559,C07480,C07480,123,983,E112
155,"1,7-Dimethylxanthine; Paraxanthine$",Paraxanthine,371.682556152344,205.68,166.00255615234397,0.896727859931834,M180.065846T371.6826,C13747,C13747,150,986,E112
156,"1,7-Dimethylxanthine; Paraxanthine$",Theobromine,371.682556152344,183.18,188.50255615234397,0.896727859931834,M180.065846T371.6826,C07480,C07480,123,987,E112
157,"(-)-Salsolinol; 6,7-Isoquinolinediol, 1,2,3,4-tetrahydro-1-methyl-, (S)-; Salsolinol",Salsolinol,221.409896850586,222.35999999999999,0.9501031494139909,0.0235381315080385,M180.102268T221.4099,C09642,C09642,172,990,E853
158,"1,7-Dimethylxanthine; Paraxanthine$",Paraxanthine,346.888549804688,205.68,141.208549804688,0.321247968841485,M181.071396T346.8885,C13747,C13747,150,1003,E112
159,"1,7-Dimethylxanthine; Paraxanthine$",Theobromine,346.888549804688,183.18,163.708549804688,0.321247968841485,M181.071396T346.8885,C07480,C07480,123,1004,E112
160,L-Tyrosine$,L-tyrosine,80.9028816223145,77.04,3.8628816223144895,0.4284304604583632,M182.081511T80.9029_5,C00082,C00082,51,1023,E872
161,L-Tyrosine$,L-tyrosine,80.9010696411133,77.04,3.861069641113289,0.3598835782944896,M183.084823T80.9011_2,C00082,C00082,51,1029,E872
162,L-Phenylalanine$,L-phenylalanine,162.323249816895,163.62,1.2967501831050186,0.6019649240208147,M188.068469T162.3232,C00079,C00079,109,1049,E686
163,$,7-methylxanthine,346.668731689453,143.33999999999997,203.32873168945304,0.9927153912792642,M189.037713T346.6687,C16353,C16353,89,1057,E716
164,,Azelaic acid,347.910400390625,304.56,43.350400390625,0.1204830477189083,M189.112458T347.9104,C08261,C08261,286,1061,E176
165,"N6,N6,N6-Trimethyl-L-lysine","Nepsilon,nepsilon,nepsilon-trimethyllysine",39.9310512542725,40.92,0.9889487457275052,5.8692018646200455e-05,M189.160141T39.9311,C03793,C03793,4,1065,E940
166,Pyridoxal,Pyridoxal,33.0819301605225,244.07999999999998,210.9980698394775,0.5713196910456735,M190.047817T33.0819,C00250,C00250,205,1066,E943
167,"N6,N6,N6-Trimethyl-L-lysine","Nepsilon,nepsilon,nepsilon-trimethyllysine",39.8824882507324,40.92,1.0375117492676011,4.616661482705084e-05,M190.163557T39.8825,C03793,C03793,4,1067,E940
168,"5-Hydroxyindoleacetate$5-Phenyl-1,3-oxazinane-2,4-dione",5-hydroxyindoleacetate,150.142196655273,150.0,0.14219665527301117,0.0005492419491732,M191.058035T150.1422_1,C05635,C05635,98,1086,E960
169,"5-Hydroxyindoleacetate$5-Phenyl-1,3-oxazinane-2,4-dione",5-hydroxyindoleacetate,319.305313110352,150.0,169.30531311035202,4.616661482705084e-05,M192.065855T319.3053_2,C05635,C05635,98,1094,E961
170,"5-Hydroxyindoleacetate$5-Phenyl-1,3-oxazinane-2,4-dione",5-hydroxyindoleacetate,150.101318359375,150.0,0.101318359375,0.0001052925664625,M192.065825T150.1013_2,C05635,C05635,98,1096,E960
171,"5-Hydroxyindoleacetate$5-Phenyl-1,3-oxazinane-2,4-dione",5-hydroxyindoleacetate,196.675315856934,150.0,46.67531585693399,0.8304188218719887,M192.067214T196.6753_3,C05635,C05635,98,1098,E960
172,N-Acetylmethionine,N-acetylmethionine,196.675315856934,241.14000000000001,44.46468414306602,0.8304188218719887,M192.067214T196.6753_3,C02712,C02712,201,1100,E980
173,"5-Hydroxyindoleacetate$5-Phenyl-1,3-oxazinane-2,4-dione",5-hydroxyindoleacetate,150.108978271484,150.0,0.10897827148400552,0.0001919479512516,M193.069044T150.109,C05635,C05635,98,1106,E960
174,"5-Hydroxyindoleacetate$5-Phenyl-1,3-oxazinane-2,4-dione",5-hydroxyindoleacetate,205.232818603516,150.0,55.232818603515994,0.1062806165655577,M193.069194T205.2328_3,C05635,C05635,98,1108,E960
175,"5-Hydroxyindoleacetate$5-Phenyl-1,3-oxazinane-2,4-dione",5-hydroxyindoleacetate,319.299987792969,150.0,169.29998779296898,9.600576718505488e-05,M193.069272T319.3,C05635,C05635,98,1110,E961
176,"5-Hydroxyindoleacetate$5-Phenyl-1,3-oxazinane-2,4-dione",5-hydroxyindoleacetate,86.9109954833984,150.0,63.089004516601605,1.1184601786794775e-05,M193.068543T86.911,C05635,C05635,98,1112,E960
177,"3alpha,12alpha-Dihydroxy-5beta-cholanate; Deoxycholic acid; Deoxycholate; 3alpha,12alpha-Dihydroxy-5beta-cholanic acid$Chenodeoxycholate; Chenodeoxycholic acid; 3alpha,7alpha-Dihydroxy-5beta-cholanic acid; Chenodiol",Deoxycholate,600.060821533203,532.3199999999999,67.74082153320307,0.0332791395313767,M197.153922T600.0608,C04483,C04483,476,1125,E1032
178,"3alpha,12alpha-Dihydroxy-5beta-cholanate; Deoxycholic acid; Deoxycholate; 3alpha,12alpha-Dihydroxy-5beta-cholanic acid$Chenodeoxycholate; Chenodeoxycholic acid; 3alpha,7alpha-Dihydroxy-5beta-cholanic acid; Chenodiol",Deoxycholate,586.134521484375,532.3199999999999,53.814521484375064,0.0002110581428732,M197.153916T586.1345,C04483,C04483,476,1127,E1032
179,"3alpha,12alpha-Dihydroxy-5beta-cholanate; Deoxycholic acid; Deoxycholate; 3alpha,12alpha-Dihydroxy-5beta-cholanic acid$Chenodeoxycholate; Chenodeoxycholic acid; 3alpha,7alpha-Dihydroxy-5beta-cholanic acid; Chenodiol",Deoxycholate,617.241058349609,532.3199999999999,84.9210583496091,0.5294732114078522,M197.653575T617.2411_1,C04483,C04483,476,1129,E1032
180,Indole-3-acetate$5-Hydroxyindoleacetaldehyde,Indole-3-acetate,314.266967773438,273.12,41.14696777343801,0.4801116560384496,M198.052898T314.267_2,C00954,C00954,239,1131,E800
181,"D-Glucose$beta-D-Glucose$beta-D-Fructose; beta-Fruit sugar; beta-D-arabino-Hexulose; beta-Levulose; Fructose$alpha-D-Glucose$beta-D-Galactose$D-Tagatose; lyxo-Hexulose$myo-Inositol$1,7-Dimethylxanthine; Paraxanthine$$alpha-D-Galactose$D-Mannose",Paraxanthine,42.60302734375,205.68,163.07697265625,0.1325479325169462,M203.052973T42.603_8,C13747,C13747,150,1161,E88
182,"D-Glucose$beta-D-Glucose$beta-D-Fructose; beta-Fruit sugar; beta-D-arabino-Hexulose; beta-Levulose; Fructose$alpha-D-Glucose$beta-D-Galactose$D-Tagatose; lyxo-Hexulose$myo-Inositol$1,7-Dimethylxanthine; Paraxanthine$$alpha-D-Galactose$D-Mannose",Theobromine,42.60302734375,183.18,140.57697265625,0.1325479325169462,M203.052973T42.603_8,C07480,C07480,123,1162,E88
183,"D-Glucose$beta-D-Glucose$beta-D-Fructose; beta-Fruit sugar; beta-D-arabino-Hexulose; beta-Levulose; Fructose$alpha-D-Glucose$beta-D-Galactose$D-Tagatose; lyxo-Hexulose$myo-Inositol$1,7-Dimethylxanthine; Paraxanthine$$alpha-D-Galactose$D-Mannose",Paraxanthine,61.3228721618652,205.68,144.3571278381348,0.1931412360414838,M203.052931T61.3229_1,C13747,C13747,150,1173,E89
184,"D-Glucose$beta-D-Glucose$beta-D-Fructose; beta-Fruit sugar; beta-D-arabino-Hexulose; beta-Levulose; Fructose$alpha-D-Glucose$beta-D-Galactose$D-Tagatose; lyxo-Hexulose$myo-Inositol$1,7-Dimethylxanthine; Paraxanthine$$alpha-D-Galactose$D-Mannose",Theobromine,61.3228721618652,183.18,121.8571278381348,0.1931412360414838,M203.052931T61.3229_1,C07480,C07480,123,1174,E89
185,L-Tyrosine$,L-tyrosine,79.8712730407715,77.04,2.8312730407714923,0.5327445406321004,M204.063389T79.8713,C00082,C00082,51,1180,E872
186,L-Tyrosine$,L-tyrosine,60.7208404541016,77.04,16.31915954589841,0.6529465272673693,M204.063367T60.7208,C00082,C00082,51,1183,E872
187,Phenylacetic acid; Benzylformic acid; Phenylacetate; Benzeneacetiic acid$4-Hydroxyphenylacetaldehyde,Phenylacetic acid,204.09765625,440.21999999999997,236.12234374999997,4.9699019404101216e-05,M205.047538T204.0977,C07086,C07086,419,1186,E387
188,L-Tryptophan$D-Tryptophan,L-tryptophan,199.419281005859,200.64,1.2207189941409808,0.7032294700929799,M205.097436T199.4193_6,C00078,C00078,144,1196,E1074
189,L-Tryptophan$D-Tryptophan,D-tryptophan,199.419281005859,234.42000000000002,35.00071899414101,0.7032294700929799,M205.097436T199.4193_6,C00525,C00525,187,1197,E1074
190,L-Tryptophan$D-Tryptophan,L-tryptophan,222.044967651367,200.64,21.404967651367002,0.9235903029237214,M205.097418T222.045,C00078,C00078,144,1198,E1075
191,L-Tryptophan$D-Tryptophan,D-tryptophan,222.044967651367,234.42000000000002,12.375032348633027,0.9235903029237214,M205.097418T222.045,C00525,C00525,187,1199,E1075
192,5-Methoxyindoleacetate,5-methoxyindoleacetic acid,291.506881713867,301.26,9.753118286132974,4.616661482705084e-05,M206.081449T291.5069_3,C05660,C05660,279,1200,E1072
193,"L-Normetanephrine$L-Adrenaline; (R)-(-)-Adrenaline; (R)-(-)-Epinephrine; (R)-(-)-Epirenamine; (R)-(-)-Adnephrine; 4-[(1R)-1-Hydroxy-2-(methylamino)ethyl]-1,2-benzenediol",Epinephrine,607.181335449219,283.02,324.161335449219,0.9777915879379264,M206.078974T607.1813,C00788,C00788,255,1202,E1090
194,L-Tryptophan$D-Tryptophan,L-tryptophan,199.419647216797,200.64,1.2203527832029977,0.7068688432342609,M206.100724T199.4196_3,C00078,C00078,144,1203,E1074
195,L-Tryptophan$D-Tryptophan,D-tryptophan,199.419647216797,234.42000000000002,35.00035278320303,0.7068688432342609,M206.100724T199.4196_3,C00525,C00525,187,1204,E1074
196,Gentisate aldehyde$4-Hydroxybenzoate,4-hydroxybenzoate,222.648498535156,229.02,6.371501464844016,0.018010081753053,M207.026673T222.6485_2,C00156,C00156,176,1210,E398
197,Gentisate aldehyde$4-Hydroxybenzoate,4-hydroxybenzoate,264.741348266602,229.02,35.72134826660201,0.1580441094585041,M207.026625T264.7413,C00156,C00156,176,1213,E399
198,Choline phosphate,Phosphocholine,365.67529296875,187.14000000000001,178.53529296874999,0.2248908048928755,M207.064995T365.6753,C00588,C00588,129,1217,E898
199,5-Methoxyindoleacetate,5-methoxyindoleacetic acid,291.516845703125,301.26,9.743154296874991,4.616661482705084e-05,M207.083957T291.5168,C05660,C05660,279,1218,E1072
200,L-Kynurenine$Formyl-5-hydroxykynurenamine,L-kynurenine,150.116195678711,151.2,1.0838043212889943,0.0004124292420933,M209.092336T150.1162_4,C00328,C00328,101,1220,E1113
201,L-Kynurenine$Formyl-5-hydroxykynurenamine,L-kynurenine,150.064407348633,151.2,1.1355926513669772,0.0001273341267813,M210.095655T150.0644_2,C00328,C00328,101,1222,E1113
202,L-Kynurenine$Formyl-5-hydroxykynurenamine,L-kynurenine,197.113311767578,151.2,45.91331176757802,0.6976184413301867,M210.095996T197.1133_3,C00328,C00328,101,1224,E1113
203,,Azelaic acid,347.966674804688,304.56,43.40667480468801,0.3518353508837624,M211.094281T347.9667,C08261,C08261,286,1229,E176
204,,Azelaic acid,402.305755615234,304.56,97.74575561523397,0.6226246331140828,M211.094221T402.3058,C08261,C08261,286,1230,E177
205,"N6,N6,N6-Trimethyl-L-lysine","Nepsilon,nepsilon,nepsilon-trimethyllysine",40.1073112487793,40.92,0.8126887512207048,0.0012927955413557,M211.14208T40.1073,C03793,C03793,4,1231,E940
206,N-Acetylmethionine,N-acetylmethionine,214.660629272461,241.14000000000001,26.47937072753902,0.5667844340134907,M214.051147T214.6606,C02712,C02712,201,1242,E981
207,N-Acetylserotonin; N-Acetyl-5-hydroxytryptamine,N-acetylserotonin,253.256622314453,336.78000000000003,83.52337768554702,0.9420833442336476,M219.112926T253.2566,C00978,C00978,320,1256,E1157
208,N-Acetylserotonin; N-Acetyl-5-hydroxytryptamine,N-acetylserotonin,41.4958190917969,336.78000000000003,295.2841809082031,0.7712102011302693,M219.114465T41.4958,C00978,C00978,320,1257,E1155
209,N-Acetylserotonin; N-Acetyl-5-hydroxytryptamine,N-acetylserotonin,185.755340576172,336.78000000000003,151.02465942382804,0.0211951947348919,M220.118174T185.7553_3,C00978,C00978,320,1261,E1156
210,"3,4-Dihydroxyphenylacetaldehyde; Protocatechuatealdehyde$4-Hydroxyphenylacetate$2-Hydroxyphenylacetate",4-hydroxyphenylacetic acid,285.197784423828,234.48,50.71778442382802,0.4173869572619374,M221.042214T285.1978,C00642,C00642,188,1265,E558
211,5-Hydroxy-L-tryptophan,L-5-hydroxytryptophan,199.966636657715,117.36,82.60663665771499,0.532324625151232,M221.092091T199.9666,C00643,C00643,67,1270,E1166
212,5-Hydroxy-L-tryptophan,L-5-hydroxytryptophan,125.007293701172,117.36,7.6472937011720035,9.085060724776078e-05,M221.092297T125.0073,C00643,C00643,67,1271,E1165
213,5-Hydroxy-L-tryptophan,L-5-hydroxytryptophan,124.808631896973,117.36,7.448631896972998,5.683903771134942e-05,M222.095609T124.8086,C00643,C00643,67,1274,E1165
214,L-Tryptophan$D-Tryptophan,L-tryptophan,199.458236694336,200.64,1.181763305663992,0.8421108987327869,M227.079236T199.4582,C00078,C00078,144,1289,E1074
215,L-Tryptophan$D-Tryptophan,D-tryptophan,199.458236694336,234.42000000000002,34.96176330566402,0.8421108987327869,M227.079236T199.4582,C00525,C00525,187,1290,E1074
216,Indole-3-acetaldehyde,Indole-3-acetaldehyde,291.522705078125,317.76,26.23729492187499,5.430860626366522e-05,M228.063301T291.5227,C00637,C00637,303,1293,E649
217,5-Methoxyindoleacetate,5-methoxyindoleacetic acid,291.522705078125,301.26,9.737294921874991,5.430860626366522e-05,M228.063301T291.5227,C05660,C05660,279,1294,E1072
218,L-Kynurenine$Formyl-5-hydroxykynurenamine,L-kynurenine,150.06364440918,151.2,1.1363555908199885,0.0018738052357169,M231.074265T150.0636,C00328,C00328,101,1299,E1113
219,Melatonin; N-Acetyl-5-methoxytryptamine,Melatonin,243.052459716797,310.56,67.50754028320301,0.0391676038710373,M233.128623T243.0525,C01598,C01598,292,1304,E306
220,N-Acetylserotonin; N-Acetyl-5-hydroxytryptamine,N-acetylserotonin,154.598556518555,336.78000000000003,182.18144348144503,0.0013559307391888,M241.093282T154.5986,C00978,C00978,320,1325,E1156
221,N-Acetylserotonin; N-Acetyl-5-hydroxytryptamine,N-acetylserotonin,328.192291259766,336.78000000000003,8.587708740234007,0.7036908415721765,M241.096479T328.1923,C00978,C00978,320,1326,E1158
222,Biotin; D-Biotin; Vitamin H; Coenzyme R,Biotin,474.638473510742,166.98,307.65847351074206,0.8913628206719814,M245.093534T474.6385,C00120,C00120,111,1341,E1323
223,Biotin; D-Biotin; Vitamin H; Coenzyme R,Biotin,474.622787475586,166.98,307.64278747558603,0.9803864025349184,M246.096652T474.6228_3,C00120,C00120,111,1344,E1323
224,Biotin; D-Biotin; Vitamin H; Coenzyme R,Biotin,370.224975585938,166.98,203.24497558593802,0.8228667342344298,M267.079772T370.225,C00120,C00120,111,1380,E1322
225,"Nordazepam; Desmethyldiazepam; 7-Chloro-1,3-dihydro-5-phenyl-(2H)-1,4-benzodiazepin-2-one",Nordiazepam,452.673706054688,433.32000000000005,19.35370605468796,0.0208464852690444,M271.062782T452.6737_1,C07486,C07486,411,1395,E471
226,$6-Hydroxymelatonin,6-hydroxymelatonin,33.6216335296631,353.04,319.41836647033693,0.5098246778421995,M271.102696T33.6216,C05643,C05643,333,1397,E1413
227,"(6Z,9Z,12Z)-Octadecatrienoic acid; 6,9,12-Octadecatrienoic acid; gamma-Linolenic acid; Gamolenic acid$(9Z,12Z,15Z)-Octadecatrienoic acid; alpha-Linolenic acid; 9,12,15-Octadecatrienoic acid; Linolenate; alpha-Linolenate",Gamma-linolenic acid,575.772979736328,520.14,55.632979736328025,0.0001216689952822,M279.23185T575.773_2,C06426,C06426,467,1423,E545
228,"(6Z,9Z,12Z)-Octadecatrienoic acid; 6,9,12-Octadecatrienoic acid; gamma-Linolenic acid; Gamolenic acid$(9Z,12Z,15Z)-Octadecatrienoic acid; alpha-Linolenic acid; 9,12,15-Octadecatrienoic acid; Linolenate; alpha-Linolenate",alpha-linolenic acid,575.772979736328,537.0600000000001,38.71297973632795,0.0001216689952822,M279.23185T575.773_2,C06427,C06427,479,1424,E545
229,"(6Z,9Z,12Z)-Octadecatrienoic acid; 6,9,12-Octadecatrienoic acid; gamma-Linolenic acid; Gamolenic acid$(9Z,12Z,15Z)-Octadecatrienoic acid; alpha-Linolenic acid; 9,12,15-Octadecatrienoic acid; Linolenate; alpha-Linolenate",Gamma-linolenic acid,637.459167480469,520.14,117.31916748046899,0.8868525252602436,M279.231855T637.4592,C06426,C06426,467,1426,E546
230,"(6Z,9Z,12Z)-Octadecatrienoic acid; 6,9,12-Octadecatrienoic acid; gamma-Linolenic acid; Gamolenic acid$(9Z,12Z,15Z)-Octadecatrienoic acid; alpha-Linolenic acid; 9,12,15-Octadecatrienoic acid; Linolenate; alpha-Linolenate",alpha-linolenic acid,637.459167480469,537.0600000000001,100.39916748046892,0.8868525252602436,M279.231855T637.4592,C06427,C06427,479,1427,E546
231,"(6Z,9Z,12Z)-Octadecatrienoic acid; 6,9,12-Octadecatrienoic acid; gamma-Linolenic acid; Gamolenic acid$(9Z,12Z,15Z)-Octadecatrienoic acid; alpha-Linolenic acid; 9,12,15-Octadecatrienoic acid; Linolenate; alpha-Linolenate",Gamma-linolenic acid,557.69482421875,520.14,37.554824218750014,0.5727683392982635,M279.231846T557.6948,C06426,C06426,467,1429,E544
232,"(6Z,9Z,12Z)-Octadecatrienoic acid; 6,9,12-Octadecatrienoic acid; gamma-Linolenic acid; Gamolenic acid$(9Z,12Z,15Z)-Octadecatrienoic acid; alpha-Linolenic acid; 9,12,15-Octadecatrienoic acid; Linolenate; alpha-Linolenate",alpha-linolenic acid,557.69482421875,537.0600000000001,20.63482421874994,0.5727683392982635,M279.231846T557.6948,C06427,C06427,479,1430,E544
233,"(6Z,9Z,12Z)-Octadecatrienoic acid; 6,9,12-Octadecatrienoic acid; gamma-Linolenic acid; Gamolenic acid$(9Z,12Z,15Z)-Octadecatrienoic acid; alpha-Linolenic acid; 9,12,15-Octadecatrienoic acid; Linolenate; alpha-Linolenate",Gamma-linolenic acid,624.843322753906,520.14,104.70332275390604,0.799879035094972,M279.231855T624.8433,C06426,C06426,467,1432,E546
234,"(6Z,9Z,12Z)-Octadecatrienoic acid; 6,9,12-Octadecatrienoic acid; gamma-Linolenic acid; Gamolenic acid$(9Z,12Z,15Z)-Octadecatrienoic acid; alpha-Linolenic acid; 9,12,15-Octadecatrienoic acid; Linolenate; alpha-Linolenate",alpha-linolenic acid,624.843322753906,537.0600000000001,87.78332275390596,0.799879035094972,M279.231855T624.8433,C06427,C06427,479,1433,E546
235,"(6Z,9Z,12Z)-Octadecatrienoic acid; 6,9,12-Octadecatrienoic acid; gamma-Linolenic acid; Gamolenic acid$(9Z,12Z,15Z)-Octadecatrienoic acid; alpha-Linolenic acid; 9,12,15-Octadecatrienoic acid; Linolenate; alpha-Linolenate",Gamma-linolenic acid,599.998596191406,520.14,79.85859619140604,0.8442415695646684,M279.23184T599.9986,C06426,C06426,467,1435,E545
236,"(6Z,9Z,12Z)-Octadecatrienoic acid; 6,9,12-Octadecatrienoic acid; gamma-Linolenic acid; Gamolenic acid$(9Z,12Z,15Z)-Octadecatrienoic acid; alpha-Linolenic acid; 9,12,15-Octadecatrienoic acid; Linolenate; alpha-Linolenate",alpha-linolenic acid,599.998596191406,537.0600000000001,62.93859619140596,0.8442415695646684,M279.23184T599.9986,C06427,C06427,479,1436,E545
237,"(6Z,9Z,12Z)-Octadecatrienoic acid; 6,9,12-Octadecatrienoic acid; gamma-Linolenic acid; Gamolenic acid$(9Z,12Z,15Z)-Octadecatrienoic acid; alpha-Linolenic acid; 9,12,15-Octadecatrienoic acid; Linolenate; alpha-Linolenate",Gamma-linolenic acid,531.325988769531,520.14,11.185988769531036,0.0740556735373123,M279.231832T531.326,C06426,C06426,467,1438,E543
238,"(6Z,9Z,12Z)-Octadecatrienoic acid; 6,9,12-Octadecatrienoic acid; gamma-Linolenic acid; Gamolenic acid$(9Z,12Z,15Z)-Octadecatrienoic acid; alpha-Linolenic acid; 9,12,15-Octadecatrienoic acid; Linolenate; alpha-Linolenate",alpha-linolenic acid,531.325988769531,537.0600000000001,5.7340112304690365,0.0740556735373123,M279.231832T531.326,C06427,C06427,479,1439,E543
239,"(6Z,9Z,12Z)-Octadecatrienoic acid; 6,9,12-Octadecatrienoic acid; gamma-Linolenic acid; Gamolenic acid$(9Z,12Z,15Z)-Octadecatrienoic acid; alpha-Linolenic acid; 9,12,15-Octadecatrienoic acid; Linolenate; alpha-Linolenate",Gamma-linolenic acid,600.087219238281,520.14,79.94721923828104,0.8182465557524246,M280.235186T600.0872,C06426,C06426,467,1447,E545
240,"(6Z,9Z,12Z)-Octadecatrienoic acid; 6,9,12-Octadecatrienoic acid; gamma-Linolenic acid; Gamolenic acid$(9Z,12Z,15Z)-Octadecatrienoic acid; alpha-Linolenic acid; 9,12,15-Octadecatrienoic acid; Linolenate; alpha-Linolenate",alpha-linolenic acid,600.087219238281,537.0600000000001,63.02721923828096,0.8182465557524246,M280.235186T600.0872,C06427,C06427,479,1448,E545
241,"(6Z,9Z,12Z)-Octadecatrienoic acid; 6,9,12-Octadecatrienoic acid; gamma-Linolenic acid; Gamolenic acid$(9Z,12Z,15Z)-Octadecatrienoic acid; alpha-Linolenic acid; 9,12,15-Octadecatrienoic acid; Linolenate; alpha-Linolenate",Gamma-linolenic acid,575.659210205078,520.14,55.519210205078025,0.000133311302418,M280.235203T575.6592,C06426,C06426,467,1449,E545
242,"(6Z,9Z,12Z)-Octadecatrienoic acid; 6,9,12-Octadecatrienoic acid; gamma-Linolenic acid; Gamolenic acid$(9Z,12Z,15Z)-Octadecatrienoic acid; alpha-Linolenic acid; 9,12,15-Octadecatrienoic acid; Linolenate; alpha-Linolenate",alpha-linolenic acid,575.659210205078,537.0600000000001,38.59921020507795,0.000133311302418,M280.235203T575.6592,C06427,C06427,479,1450,E545
243,"(6Z,9Z,12Z)-Octadecatrienoic acid; 6,9,12-Octadecatrienoic acid; gamma-Linolenic acid; Gamolenic acid$(9Z,12Z,15Z)-Octadecatrienoic acid; alpha-Linolenic acid; 9,12,15-Octadecatrienoic acid; Linolenate; alpha-Linolenate",Gamma-linolenic acid,531.294189453125,520.14,11.154189453125014,0.0842606837980023,M280.235169T531.2942,C06426,C06426,467,1451,E543
244,"(6Z,9Z,12Z)-Octadecatrienoic acid; 6,9,12-Octadecatrienoic acid; gamma-Linolenic acid; Gamolenic acid$(9Z,12Z,15Z)-Octadecatrienoic acid; alpha-Linolenic acid; 9,12,15-Octadecatrienoic acid; Linolenate; alpha-Linolenate",alpha-linolenic acid,531.294189453125,537.0600000000001,5.765810546875059,0.0842606837980023,M280.235169T531.2942,C06427,C06427,479,1452,E543
245,(9Z)-Octadecenoic acid; (Z)-Octadec-9-enoic acid; Oleate; Oleic acid,Oleate,599.122924804688,599.8199999999999,0.6970751953119816,0.0002024748404807,M283.263134T599.1229_1,C00712,C00712,514,1470,E581
246,(9Z)-Octadecenoic acid; (Z)-Octadec-9-enoic acid; Oleate; Oleic acid,Oleate,551.160522460938,599.8199999999999,48.65947753906198,0.0001055244594317,M283.263163T551.1605_2,C00712,C00712,514,1471,E580
247,(9Z)-Octadecenoic acid; (Z)-Octadec-9-enoic acid; Oleate; Oleic acid,Oleate,551.173065185547,599.8199999999999,48.64693481445295,0.0001486796945737,M284.266473T551.1731_2,C00712,C00712,514,1474,E580
248,(9Z)-Octadecenoic acid; (Z)-Octadec-9-enoic acid; Oleate; Oleic acid,Oleate,599.235290527344,599.8199999999999,0.584709472655959,0.0003763321508384,M284.266569T599.2353,C00712,C00712,514,1475,E581
249,11-cis-Retinal; 11-cis-Vitamin A aldehyde; 11-cis-Retinene$Retinal$cis-9-retinal,(9cis)-retinal,539.123046875,539.94,0.8169531250000546,0.2840331978717402,M285.221241T539.123,C16681,C16681,481,1480,E1469
250,11-cis-Retinal; 11-cis-Vitamin A aldehyde; 11-cis-Retinene$Retinal$cis-9-retinal,(9cis)-retinal,446.118286132812,539.94,93.82171386718807,0.4129366719479705,M285.221311T446.1183,C16681,C16681,481,1483,E1468
251,"Dehydroepiandrosterone$5beta-Androstane-3,17-dione$3beta-Hydroxyandrost-5-en-17-one; Dehydroepiandrosterone; Dehydroisoandrosterone; DHA; DHEA$5alpha-Androstane-3,17-dione; Androstanedione$Testosterone",Dehydroepiandrosterone (DHEA),452.101318359375,358.56,93.541318359375,0.0814902190399894,M289.216194T452.1013_2,C01227,C01227,343,1514,E1486
252,"Dehydroepiandrosterone$5beta-Androstane-3,17-dione$3beta-Hydroxyandrost-5-en-17-one; Dehydroepiandrosterone; Dehydroisoandrosterone; DHA; DHEA$5alpha-Androstane-3,17-dione; Androstanedione$Testosterone",Testosterone,452.101318359375,453.0,0.898681640625,0.0814902190399894,M289.216194T452.1013_2,C00535,C00535,424,1516,E1486
253,Adenosine$Deoxyguanosine,Adenosine,486.90608215332,110.82,376.08608215332004,0.5361595211750233,M290.083788T486.9061_1,C00212,C00212,64,1518,E1403
254,"5alpha-Dihydrotestosterone$5beta-Dihydrotestosterone$Androsterone$3alpha-Hydroxy-5beta-androstan-17-one; Etiocholan-3alpha-ol-17-one; 3alpha-Hydroxyetiocholan-17-one$Androst-5-ene-3beta,17beta-diol; 3beta,17beta-Dihydroxyandrost-5-ene; 3beta,17beta-Dihydroxy-5-androstene; Androstenediol",5-dihydrotestosterone,461.669525146484,424.26,37.409525146483986,0.2059850659685976,M291.231876T461.6695,C03917,C03917,400,1521,E1497
255,Bilirubin,Bilirubin,343.232452392578,439.20000000000005,95.96754760742203,0.0007473892366719,M293.138617T343.2325,C00486,C00486,416,1532,E1505
256,Bilirubin,Bilirubin,343.496917724609,439.20000000000005,95.70308227539107,0.0561611668666744,M293.640736T343.4969_1,C00486,C00486,416,1537,E1505
257,5-Methylthioadenosine,5'-methylthioadenosine,209.123718261719,209.82,0.6962817382809874,2.240101049490115e-05,M298.096815T209.1237,C00170,C00170,156,1584,E1530
258,5-Methylthioadenosine,5'-methylthioadenosine,209.117195129395,209.82,0.7028048706050072,1.1184601786794775e-05,M299.100502T209.1172,C00170,C00170,156,1589,E1530
259,3-Dehydrosphinganine$Sphingosine,D-sphingosine,503.473098754883,503.04,0.43309875488296257,0.0145763384366311,M300.28967T503.4731,C00319,C00319,454,1594,E1534
260,3-Dehydrosphinganine$Sphingosine,D-sphingosine,576.292816162109,503.04,73.25281616210901,0.0117754275727838,M300.289651T576.2928_2,C00319,C00319,454,1596,E1535
261,"(6Z,9Z,12Z)-Octadecatrienoic acid; 6,9,12-Octadecatrienoic acid; gamma-Linolenic acid; Gamolenic acid$(9Z,12Z,15Z)-Octadecatrienoic acid; alpha-Linolenic acid; 9,12,15-Octadecatrienoic acid; Linolenate; alpha-Linolenate",Gamma-linolenic acid,596.014038085938,520.14,75.87403808593797,0.0527016435689844,M301.211307T596.014,C06426,C06426,467,1603,E545
262,"(6Z,9Z,12Z)-Octadecatrienoic acid; 6,9,12-Octadecatrienoic acid; gamma-Linolenic acid; Gamolenic acid$(9Z,12Z,15Z)-Octadecatrienoic acid; alpha-Linolenic acid; 9,12,15-Octadecatrienoic acid; Linolenate; alpha-Linolenate",alpha-linolenic acid,596.014038085938,537.0600000000001,58.954038085937896,0.0527016435689844,M301.211307T596.014,C06427,C06427,479,1604,E545
263,"(6Z,9Z,12Z)-Octadecatrienoic acid; 6,9,12-Octadecatrienoic acid; gamma-Linolenic acid; Gamolenic acid$(9Z,12Z,15Z)-Octadecatrienoic acid; alpha-Linolenic acid; 9,12,15-Octadecatrienoic acid; Linolenate; alpha-Linolenate",Gamma-linolenic acid,533.660522460938,520.14,13.520522460937968,0.0117754275727838,M301.216125T533.6605,C06426,C06426,467,1607,E543
264,"(6Z,9Z,12Z)-Octadecatrienoic acid; 6,9,12-Octadecatrienoic acid; gamma-Linolenic acid; Gamolenic acid$(9Z,12Z,15Z)-Octadecatrienoic acid; alpha-Linolenic acid; 9,12,15-Octadecatrienoic acid; Linolenate; alpha-Linolenate",alpha-linolenic acid,533.660522460938,537.0600000000001,3.3994775390621044,0.0117754275727838,M301.216125T533.6605,C06427,C06427,479,1608,E543
265,"(6Z,9Z,12Z)-Octadecatrienoic acid; 6,9,12-Octadecatrienoic acid; gamma-Linolenic acid; Gamolenic acid$(9Z,12Z,15Z)-Octadecatrienoic acid; alpha-Linolenic acid; 9,12,15-Octadecatrienoic acid; Linolenate; alpha-Linolenate",Gamma-linolenic acid,575.727966308594,520.14,55.58796630859399,9.007359684933444e-05,M301.213734T575.728_3,C06426,C06426,467,1611,E545
266,"(6Z,9Z,12Z)-Octadecatrienoic acid; 6,9,12-Octadecatrienoic acid; gamma-Linolenic acid; Gamolenic acid$(9Z,12Z,15Z)-Octadecatrienoic acid; alpha-Linolenic acid; 9,12,15-Octadecatrienoic acid; Linolenate; alpha-Linolenate",alpha-linolenic acid,575.727966308594,537.0600000000001,38.66796630859392,9.007359684933444e-05,M301.213734T575.728_3,C06427,C06427,479,1612,E545
267,3-Dehydrosphinganine$Sphingosine,D-sphingosine,576.3017578125,503.04,73.26175781249998,0.027895955364256,M301.292998T576.3018_4,C00319,C00319,454,1614,E1535
268,3-Dehydrosphinganine$Sphingosine,D-sphingosine,503.033767700195,503.04,0.006232299804992181,0.0087299961487753,M301.293051T503.0338,C00319,C00319,454,1616,E1534
269,arachidonic acid,Arachidonic acid,584.508117675781,585.36,0.851882324218991,0.0511472991793035,M305.247407T584.5081,C00219,C00219,508,1667,E573
270,(9Z)-Octadecenoic acid; (Z)-Octadec-9-enoic acid; Oleate; Oleic acid,Oleate,584.508117675781,599.8199999999999,15.311882324218914,0.0511472991793035,M305.247407T584.5081,C00712,C00712,514,1668,E581
271,arachidonic acid,Arachidonic acid,599.190246582031,585.36,13.830246582031009,0.000445643127109,M305.245118T599.1902_2,C00219,C00219,508,1669,E573
272,(9Z)-Octadecenoic acid; (Z)-Octadec-9-enoic acid; Oleate; Oleic acid,Oleate,599.190246582031,599.8199999999999,0.6297534179689137,0.000445643127109,M305.245118T599.1902_2,C00712,C00712,514,1670,E581
273,arachidonic acid,Arachidonic acid,38.0712394714355,585.36,547.2887605285645,0.5794985226458115,M305.245339T38.0712,C00219,C00219,508,1671,E567
274,(9Z)-Octadecenoic acid; (Z)-Octadec-9-enoic acid; Oleate; Oleic acid,Oleate,38.0712394714355,599.8199999999999,561.7487605285644,0.5794985226458115,M305.245339T38.0712,C00712,C00712,514,1672,E577
275,arachidonic acid,Arachidonic acid,545.32373046875,585.36,40.036269531250014,0.0254964896738092,M305.247366T545.3237,C00219,C00219,508,1673,E572
276,(9Z)-Octadecenoic acid; (Z)-Octadec-9-enoic acid; Oleate; Oleic acid,Oleate,545.32373046875,599.8199999999999,54.496269531249936,0.0254964896738092,M305.247366T545.3237,C00712,C00712,514,1674,E580
277,arachidonic acid,Arachidonic acid,584.597503662109,585.36,0.7624963378909797,0.0619014301573416,M306.250719T584.5975,C00219,C00219,508,1681,E573
278,arachidonic acid,Arachidonic acid,599.194122314453,585.36,13.834122314452998,0.0003880366033058,M306.248519T599.1941,C00219,C00219,508,1682,E573
279,"Dehydroepiandrosterone$5beta-Androstane-3,17-dione$3beta-Hydroxyandrost-5-en-17-one; Dehydroepiandrosterone; Dehydroisoandrosterone; DHA; DHEA$5alpha-Androstane-3,17-dione; Androstanedione$Testosterone",Dehydroepiandrosterone (DHEA),452.144470214844,358.56,93.58447021484398,0.0414674970205606,M311.198103T452.1445,C01227,C01227,343,1720,E1486
280,"Dehydroepiandrosterone$5beta-Androstane-3,17-dione$3beta-Hydroxyandrost-5-en-17-one; Dehydroepiandrosterone; Dehydroisoandrosterone; DHA; DHEA$5alpha-Androstane-3,17-dione; Androstanedione$Testosterone",Testosterone,452.144470214844,453.0,0.8555297851560226,0.0414674970205606,M311.198103T452.1445,C00535,C00535,424,1722,E1486
281,Geranyl diphosphate,Geranyl pyrophosphate,437.995040893555,439.02,1.02495910644501,0.211693605288041,M315.075133T437.995,C00341,C00341,415,1732,E626
282,"Progesterone; 4-Pregnene-3,20-dione",Progesterone,545.171020507812,455.46000000000004,89.71102050781201,0.0995361166198543,M315.231719T545.171,C00410,C00410,427,1734,E1609
283,"20alpha-Hydroxy-4-pregnen-3-one; 20alpha-Hydroxypregn-4-en-3-one; 20alpha-Hydroxyprogesterone$Pregnenolone; 5-Pregnen-3beta-ol-20-one; 3beta-Hydroxypregn-5-en-20-one$5alpha-Pregnane-3,20-dione",Pregnenolone,606.6826171875,481.2,125.48261718750001,0.9480678234449516,M317.244995T606.6826_4,C01953,C01953,446,1743,E778
284,"20alpha-Hydroxy-4-pregnen-3-one; 20alpha-Hydroxypregn-4-en-3-one; 20alpha-Hydroxyprogesterone$Pregnenolone; 5-Pregnen-3beta-ol-20-one; 3beta-Hydroxypregn-5-en-20-one$5alpha-Pregnane-3,20-dione",Pregnenolone,556.938232421875,481.2,75.73823242187501,0.5181210510652926,M317.247446T556.9382,C01953,C01953,446,1746,E777
285,Ubiquinone,Coenzyme Q1,575.746826171875,379.62,196.126826171875,0.0001508645215233,M318.182062T575.7468_1,C00399,C00399,365,1749,E1626
286,"20alpha-Hydroxy-4-pregnen-3-one; 20alpha-Hydroxypregn-4-en-3-one; 20alpha-Hydroxyprogesterone$Pregnenolone; 5-Pregnen-3beta-ol-20-one; 3beta-Hydroxypregn-5-en-20-one$5alpha-Pregnane-3,20-dione",Pregnenolone,606.685119628906,481.2,125.48511962890603,0.9329637732364512,M318.248331T606.6851_3,C01953,C01953,446,1761,E778
287,"20alpha-Hydroxy-4-pregnen-3-one; 20alpha-Hydroxypregn-4-en-3-one; 20alpha-Hydroxyprogesterone$Pregnenolone; 5-Pregnen-3beta-ol-20-one; 3beta-Hydroxypregn-5-en-20-one$5alpha-Pregnane-3,20-dione",Pregnenolone,556.937408447266,481.2,75.73740844726598,0.1853865096183341,M318.250894T556.9374,C01953,C01953,446,1764,E777
288,Ubiquinone,Coenzyme Q1,586.584808349609,379.62,206.96480834960903,0.0001026684143086,M319.19282T586.5848,C00399,C00399,365,1769,E1626
289,Ubiquinone,Coenzyme Q1,692.791320800781,379.62,313.171320800781,0.5568764814568268,M319.193194T692.7913,C00399,C00399,365,1770,E1628
290,Ubiquinone,Coenzyme Q1,731.768463134766,379.62,352.14846313476596,0.8637242306329639,M319.193368T731.7685,C00399,C00399,365,1771,E1629
291,Ubiquinone,Coenzyme Q1,669.945129394531,379.62,290.325129394531,0.2839017031803312,M319.19335T669.9451,C00399,C00399,365,1772,E1627
292,5-Methylthioadenosine,5'-methylthioadenosine,516.985463851563,209.82,307.16546385156306,0.0011752554048904,M320.080544T516.9855,C00170,C00170,156,1781,E1531
293,3-Dehydrosphinganine$Sphingosine,D-sphingosine,584.187377929688,503.04,81.14737792968793,0.5843007418466393,M322.273837T584.1874,C00319,C00319,454,1839,E1535
294,arachidonic acid,Arachidonic acid,584.809265136719,585.36,0.5507348632810363,0.1302686505302905,M327.229295T584.8093,C00219,C00219,508,1867,E573
295,arachidonic acid,Arachidonic acid,538.000213623047,585.36,47.359786376953025,0.7457347926456527,M327.231802T538.0002,C00219,C00219,508,1868,E572
296,"17alpha-Hydroxyprogesterone$11-Deoxycorticosterone; Deoxycorticosterone; Cortexone; 21-Hydroxy-4-pregnene-3,20-dione; Desoxycortone; DOC$11beta-Hydroxyprogesterone$17alpha-Hydroxyprogesterone; 17alpha-Hydroxy-4-pregnene-3,20-dione; Pregn-4-ene-3,20-dione-17-ol; 17alpha-Hydroxy-progesterone",Desoxycortone,458.024108886719,388.68,69.34410888671897,0.9618285280550378,M331.226662T458.0241_1,C03205,C03205,375,1891,E1678
297,"17alpha-Hydroxyprogesterone$11-Deoxycorticosterone; Deoxycorticosterone; Cortexone; 21-Hydroxy-4-pregnene-3,20-dione; Desoxycortone; DOC$11beta-Hydroxyprogesterone$17alpha-Hydroxyprogesterone; 17alpha-Hydroxy-4-pregnene-3,20-dione; Pregn-4-ene-3,20-dione-17-ol; 17alpha-Hydroxy-progesterone",17-hydroxyprogesterone,458.024108886719,458.82,0.7958911132810158,0.9618285280550378,M331.226662T458.0241_1,C01176,C01176,429,1893,E1678
298,"17alpha-Hydroxyprogesterone$11-Deoxycorticosterone; Deoxycorticosterone; Cortexone; 21-Hydroxy-4-pregnene-3,20-dione; Desoxycortone; DOC$11beta-Hydroxyprogesterone$17alpha-Hydroxyprogesterone; 17alpha-Hydroxy-4-pregnene-3,20-dione; Pregn-4-ene-3,20-dione-17-ol; 17alpha-Hydroxy-progesterone",Desoxycortone,415.883178710938,388.68,27.203178710938005,0.3368688848623213,M331.226665T415.8832,C03205,C03205,375,1895,E1677
299,"17alpha-Hydroxyprogesterone$11-Deoxycorticosterone; Deoxycorticosterone; Cortexone; 21-Hydroxy-4-pregnene-3,20-dione; Desoxycortone; DOC$11beta-Hydroxyprogesterone$17alpha-Hydroxyprogesterone; 17alpha-Hydroxy-4-pregnene-3,20-dione; Pregn-4-ene-3,20-dione-17-ol; 17alpha-Hydroxy-progesterone",17-hydroxyprogesterone,415.883178710938,458.82,42.93682128906198,0.3368688848623213,M331.226665T415.8832,C01176,C01176,429,1897,E1677
300,Geranyl diphosphate,Geranyl pyrophosphate,474.614074707031,439.02,35.59407470703104,0.9262567097569588,M337.058117T474.6141,C00341,C00341,415,1967,E627
301,Geranyl diphosphate,Geranyl pyrophosphate,438.147125244141,439.02,0.8728747558589589,0.9853760829859548,M337.056194T438.1471,C00341,C00341,415,1969,E626
302,"5-Hydroperoxy-6-trans-8,11,14-cis-eicosatetraenoate$Prostaglandin B1$(13E)-(15S)-15-Hydroxy-9-oxoprosta-10,13-dienoate; Prostaglandin A1; PGA1$(13E)-(15S)-15-Hydroxy-9-oxoprosta-11,13-dienoate; Prostaglandin C1$15(S)-HPETE; (5Z,8Z,11Z,13E)-(15S)-15-Hydroperoxyicosa-5,8,11,13-tetraenoic acid; 15-Hydroperoxyeicosatetraenoate; 15-Hydroperoxyicosatetraenoate; 15-Hydroperoxyeicosatetraenoic acid; 15-Hydroperoxyicosatetraenoic acid; (5Z,8Z,11Z,13E)-(15S)-15-Hydroperoxyicosa-5,8,11,13-tetraenoate$12(S)-HPETE; (5Z,8Z,10E,14Z)-(12S)-12-Hydroperoxyicosa-5,8,10,14-tetraenoic acid; (5Z,8Z,10E,14Z)-(12S)-12-Hydroperoxyicosa-5,8,10,14-tetraenoate; 12-Hydroperoxyeicosatetraenoate; 12-Hydroperoxyicosatetraenoate; 12-Hydroperoxyeicosatetraenoic acid; 12-Hydroperoxyicosatetraenoic acid$11H-14,15-EETA; 11-Hydroxy-14,15-EETA; 11-Hydroxy-14,15-epoxyeicosatrienoic acid; (5Z,8Z,12E)-14,15-Epoxy-11-hydroxyeicosa-5,8,12-trienoic acid; (5Z,8Z,12E)-14,15-Epoxy-11-hydroxyicosa-5,8,12-trienoic acid$Leukotriene B4$(5Z,9E,14Z)-(8xi,11R,12S)-11,12-Epoxy-8-hydroxyicosa-5,9,14-trienoic acid; (5Z,9E,14Z)-(8xi,11R,12S)-11,12-Epoxy-8-hydroxyicosa-5,9,14-trienoate; Hepoxilin A3$15H-11,12-EETA; 15-Hydroxy-11,12-epoxyeicosatrienoic acid; (5Z,8Z,13E)-(15S)-11,12-Epoxy-15-hydroxyeicosa-5,8,13-trienoic acid; (5Z,8Z,13E)-(15S)-11,12-Epoxy-15-hydroxyicosa-5,8,13-trienoic acid",Prostaglandin B1,575.923370361328,512.7,63.223370361327966,0.0437861616005245,M337.234944T575.9234_2,C00959,C00959,460,1977,E765
303,"5-Hydroperoxy-6-trans-8,11,14-cis-eicosatetraenoate$Prostaglandin B1$(13E)-(15S)-15-Hydroxy-9-oxoprosta-10,13-dienoate; Prostaglandin A1; PGA1$(13E)-(15S)-15-Hydroxy-9-oxoprosta-11,13-dienoate; Prostaglandin C1$15(S)-HPETE; (5Z,8Z,11Z,13E)-(15S)-15-Hydroperoxyicosa-5,8,11,13-tetraenoic acid; 15-Hydroperoxyeicosatetraenoate; 15-Hydroperoxyicosatetraenoate; 15-Hydroperoxyeicosatetraenoic acid; 15-Hydroperoxyicosatetraenoic acid; (5Z,8Z,11Z,13E)-(15S)-15-Hydroperoxyicosa-5,8,11,13-tetraenoate$12(S)-HPETE; (5Z,8Z,10E,14Z)-(12S)-12-Hydroperoxyicosa-5,8,10,14-tetraenoic acid; (5Z,8Z,10E,14Z)-(12S)-12-Hydroperoxyicosa-5,8,10,14-tetraenoate; 12-Hydroperoxyeicosatetraenoate; 12-Hydroperoxyicosatetraenoate; 12-Hydroperoxyeicosatetraenoic acid; 12-Hydroperoxyicosatetraenoic acid$11H-14,15-EETA; 11-Hydroxy-14,15-EETA; 11-Hydroxy-14,15-epoxyeicosatrienoic acid; (5Z,8Z,12E)-14,15-Epoxy-11-hydroxyeicosa-5,8,12-trienoic acid; (5Z,8Z,12E)-14,15-Epoxy-11-hydroxyicosa-5,8,12-trienoic acid$Leukotriene B4$(5Z,9E,14Z)-(8xi,11R,12S)-11,12-Epoxy-8-hydroxyicosa-5,9,14-trienoic acid; (5Z,9E,14Z)-(8xi,11R,12S)-11,12-Epoxy-8-hydroxyicosa-5,9,14-trienoate; Hepoxilin A3$15H-11,12-EETA; 15-Hydroxy-11,12-epoxyeicosatrienoic acid; (5Z,8Z,13E)-(15S)-11,12-Epoxy-15-hydroxyeicosa-5,8,13-trienoic acid; (5Z,8Z,13E)-(15S)-11,12-Epoxy-15-hydroxyicosa-5,8,13-trienoic acid",Prostaglandin B1,547.488403320312,512.7,34.788403320312,0.1596878281184062,M337.23518T547.4884,C00959,C00959,460,1997,E764
304,"20alpha-Hydroxy-4-pregnen-3-one; 20alpha-Hydroxypregn-4-en-3-one; 20alpha-Hydroxyprogesterone$Pregnenolone; 5-Pregnen-3beta-ol-20-one; 3beta-Hydroxypregn-5-en-20-one$5alpha-Pregnane-3,20-dione",Pregnenolone,442.519332885742,481.2,38.68066711425797,0.0906553905552161,M339.229272T442.5193,C01953,C01953,446,2028,E776
305,"11-Deoxycortisol; Cortodoxone$21-Deoxycortisol; 4-Pregnene-11beta,17alpha-diol-3,20-dione; 11beta,17alpha-Dihydroxyprogesterone$21-Hydroxy-5beta-pregnane-3,11,20-trione$Corticosterone; 11beta,21-Dihydroxy-4-pregnene-3,20-dione; Kendall's compound B; Reichstein's substance H",Corticosterone,593.001037597656,467.58,125.42103759765604,0.0008756876742216,M346.21332T593.001,C02140,C02140,437,2076,E796
306,"11-Deoxycortisol; Cortodoxone$21-Deoxycortisol; 4-Pregnene-11beta,17alpha-diol-3,20-dione; 11beta,17alpha-Dihydroxyprogesterone$21-Hydroxy-5beta-pregnane-3,11,20-trione$Corticosterone; 11beta,21-Dihydroxy-4-pregnene-3,20-dione; Kendall's compound B; Reichstein's substance H",Corticosterone,419.676147460938,467.58,47.90385253906197,0.9180564000292752,M347.221587T419.6761_2,C02140,C02140,437,2084,E793
307,"(6Z,9Z,12Z)-Octadecatrienoic acid; 6,9,12-Octadecatrienoic acid; gamma-Linolenic acid; Gamolenic acid$(9Z,12Z,15Z)-Octadecatrienoic acid; alpha-Linolenic acid; 9,12,15-Octadecatrienoic acid; Linolenate; alpha-Linolenate",Gamma-linolenic acid,592.975830078125,520.14,72.83583007812501,0.0655558664277845,M347.216486T592.9758,C06426,C06426,467,2085,E545
308,"(6Z,9Z,12Z)-Octadecatrienoic acid; 6,9,12-Octadecatrienoic acid; gamma-Linolenic acid; Gamolenic acid$(9Z,12Z,15Z)-Octadecatrienoic acid; alpha-Linolenic acid; 9,12,15-Octadecatrienoic acid; Linolenate; alpha-Linolenate",alpha-linolenic acid,592.975830078125,537.0600000000001,55.91583007812494,0.0655558664277845,M347.216486T592.9758,C06427,C06427,479,2086,E545
309,"11-Deoxycortisol; Cortodoxone$21-Deoxycortisol; 4-Pregnene-11beta,17alpha-diol-3,20-dione; 11beta,17alpha-Dihydroxyprogesterone$21-Hydroxy-5beta-pregnane-3,11,20-trione$Corticosterone; 11beta,21-Dihydroxy-4-pregnene-3,20-dione; Kendall's compound B; Reichstein's substance H",Corticosterone,397.929946899414,467.58,69.65005310058598,0.8621575604202565,M347.221592T397.9299,C02140,C02140,437,2090,E793
310,"(6Z,9Z,12Z)-Octadecatrienoic acid; 6,9,12-Octadecatrienoic acid; gamma-Linolenic acid; Gamolenic acid$(9Z,12Z,15Z)-Octadecatrienoic acid; alpha-Linolenic acid; 9,12,15-Octadecatrienoic acid; Linolenate; alpha-Linolenate",Gamma-linolenic acid,536.640655517578,520.14,16.500655517578025,0.9817742377850668,M347.219362T536.6407,C06426,C06426,467,2091,E543
311,"(6Z,9Z,12Z)-Octadecatrienoic acid; 6,9,12-Octadecatrienoic acid; gamma-Linolenic acid; Gamolenic acid$(9Z,12Z,15Z)-Octadecatrienoic acid; alpha-Linolenic acid; 9,12,15-Octadecatrienoic acid; Linolenate; alpha-Linolenate",alpha-linolenic acid,536.640655517578,537.0600000000001,0.4193444824220478,0.9817742377850668,M347.219362T536.6407,C06427,C06427,479,2092,E543
312,"11-Deoxycortisol; Cortodoxone$21-Deoxycortisol; 4-Pregnene-11beta,17alpha-diol-3,20-dione; 11beta,17alpha-Dihydroxyprogesterone$21-Hydroxy-5beta-pregnane-3,11,20-trione$Corticosterone; 11beta,21-Dihydroxy-4-pregnene-3,20-dione; Kendall's compound B; Reichstein's substance H",Corticosterone,536.640655517578,467.58,69.06065551757803,0.9817742377850668,M347.219362T536.6407,C02140,C02140,437,2096,E795
313,"11-Deoxycortisol; Cortodoxone$21-Deoxycortisol; 4-Pregnene-11beta,17alpha-diol-3,20-dione; 11beta,17alpha-Dihydroxyprogesterone$21-Hydroxy-5beta-pregnane-3,11,20-trione$Corticosterone; 11beta,21-Dihydroxy-4-pregnene-3,20-dione; Kendall's compound B; Reichstein's substance H",Corticosterone,419.529235839844,467.58,48.05076416015601,0.540601967870937,M348.22505T419.5292,C02140,C02140,437,2101,E793
314,"11-Deoxycortisol; Cortodoxone$21-Deoxycortisol; 4-Pregnene-11beta,17alpha-diol-3,20-dione; 11beta,17alpha-Dihydroxyprogesterone$21-Hydroxy-5beta-pregnane-3,11,20-trione$Corticosterone; 11beta,21-Dihydroxy-4-pregnene-3,20-dione; Kendall's compound B; Reichstein's substance H",Corticosterone,398.04801940918,467.58,69.53198059082001,0.8045383301986626,M348.224928T398.048,C02140,C02140,437,2105,E793
315,(9Z)-Octadecenoic acid; (Z)-Octadec-9-enoic acid; Oleate; Oleic acid,Oleate,545.172485351562,599.8199999999999,54.64751464843789,0.0025842595258418,M351.252739T545.1725,C00712,C00712,514,2131,E580
316,"17alpha-Hydroxyprogesterone$11-Deoxycorticosterone; Deoxycorticosterone; Cortexone; 21-Hydroxy-4-pregnene-3,20-dione; Desoxycortone; DOC$11beta-Hydroxyprogesterone$17alpha-Hydroxyprogesterone; 17alpha-Hydroxy-4-pregnene-3,20-dione; Pregn-4-ene-3,20-dione-17-ol; 17alpha-Hydroxy-progesterone",Desoxycortone,580.389099121094,388.68,191.70909912109397,0.0026563742582343,M353.211119T580.3891,C03205,C03205,375,2154,E1679
317,"17alpha-Hydroxyprogesterone$11-Deoxycorticosterone; Deoxycorticosterone; Cortexone; 21-Hydroxy-4-pregnene-3,20-dione; Desoxycortone; DOC$11beta-Hydroxyprogesterone$17alpha-Hydroxyprogesterone; 17alpha-Hydroxy-4-pregnene-3,20-dione; Pregn-4-ene-3,20-dione-17-ol; 17alpha-Hydroxy-progesterone",17-hydroxyprogesterone,580.389099121094,458.82,121.56909912109398,0.0026563742582343,M353.211119T580.3891,C01176,C01176,429,2156,E1679
318,"Cortisone; 17alpha,21-Dihydroxy-4-pregnene-3,11,20-trione; Kendall's compound E; Reichstein's substance Fa$Aldosterone; 11beta,21-Dihydroxy-3,20-dioxo-4-pregnen-18-al",Cortisone,379.8251953125,380.58,0.7548046874999841,0.5067854733705681,M361.200892T379.8252,C00762,C00762,368,2256,E864
319,"Cortisone; 17alpha,21-Dihydroxy-4-pregnene-3,11,20-trione; Kendall's compound E; Reichstein's substance Fa$Aldosterone; 11beta,21-Dihydroxy-3,20-dioxo-4-pregnen-18-al",Cortisone,595.746887207031,380.58,215.16688720703104,0.0951093683454237,M361.203455T595.7469_1,C00762,C00762,368,2258,E866
320,"Cortisone; 17alpha,21-Dihydroxy-4-pregnene-3,11,20-trione; Kendall's compound E; Reichstein's substance Fa$Aldosterone; 11beta,21-Dihydroxy-3,20-dioxo-4-pregnen-18-al",Cortisone,379.801666259766,380.58,0.7783337402339612,0.6568537846504224,M362.204321T379.8017,C00762,C00762,368,2262,E864
321,"Cortisone; 17alpha,21-Dihydroxy-4-pregnene-3,11,20-trione; Kendall's compound E; Reichstein's substance Fa$Aldosterone; 11beta,21-Dihydroxy-3,20-dioxo-4-pregnen-18-al",Cortisone,595.986938476562,380.58,215.40693847656206,0.1850048946245362,M362.206641T595.9869_1,C00762,C00762,368,2264,E866
322,"18-Hydroxycorticosterone$17alpha,21-Dihydroxy-5beta-pregnane-3,11,20-trione; 5beta-Pregnane-17alpha,21-diol-3,11,20-trione; 4,5beta-Dihydrocortisone$Cortisol; Hydrocortisone; 11beta,17alpha,21-Trihydroxy-4-pregnene-3,20-dione; Kendall's compound F; Reichstein's substance M$11beta,21-Dihydroxy-3,20-oxo-5beta-pregnan-18-al",Cortisol,392.274917602539,393.18,0.9050823974610012,0.4228927260338913,M363.216557T392.2749_4,C00735,C00735,380,2275,E1006
323,"18-Hydroxycorticosterone$17alpha,21-Dihydroxy-5beta-pregnane-3,11,20-trione; 5beta-Pregnane-17alpha,21-diol-3,11,20-trione; 4,5beta-Dihydrocortisone$Cortisol; Hydrocortisone; 11beta,17alpha,21-Trihydroxy-4-pregnene-3,20-dione; Kendall's compound F; Reichstein's substance M$11beta,21-Dihydroxy-3,20-oxo-5beta-pregnan-18-al",Cortisol,392.271224975586,393.18,0.9087750244140125,0.412717679322138,M364.219934T392.2712_2,C00735,C00735,380,2284,E1006
324,"11-Deoxycortisol; Cortodoxone$21-Deoxycortisol; 4-Pregnene-11beta,17alpha-diol-3,20-dione; 11beta,17alpha-Dihydroxyprogesterone$21-Hydroxy-5beta-pregnane-3,11,20-trione$Corticosterone; 11beta,21-Dihydroxy-4-pregnene-3,20-dione; Kendall's compound B; Reichstein's substance H",Corticosterone,419.614227294922,467.58,47.965772705077995,0.6856496950976744,M369.203491T419.6142,C02140,C02140,437,2331,E793
325,"11-Deoxycortisol; Cortodoxone$21-Deoxycortisol; 4-Pregnene-11beta,17alpha-diol-3,20-dione; 11beta,17alpha-Dihydroxyprogesterone$21-Hydroxy-5beta-pregnane-3,11,20-trione$Corticosterone; 11beta,21-Dihydroxy-4-pregnene-3,20-dione; Kendall's compound B; Reichstein's substance H",Corticosterone,582.683715820312,467.58,115.10371582031206,0.0228551816776423,M369.200644T582.6837,C02140,C02140,437,2337,E796
326,Sphingosine 1-phosphate,D-erythro-sphingosine 1-phosphate,676.236328125,550.32,125.91632812499995,0.6922403478162548,M379.250628T676.2363_3,C06124,C06124,487,2487,E1816
327,Sphingosine 1-phosphate,D-erythro-sphingosine 1-phosphate,549.900909423828,550.32,0.4190905761720387,0.195747879194218,M380.256003T549.9009_2,C06124,C06124,487,2488,E1815
328,Sphingosine 1-phosphate,D-erythro-sphingosine 1-phosphate,693.403778076172,550.32,143.08377807617194,0.8535418995285485,M380.258133T693.4038,C06124,C06124,487,2489,E1816
329,Sphingosine 1-phosphate,D-erythro-sphingosine 1-phosphate,772.374633789062,550.32,222.054633789062,0.5926832608596387,M380.256025T772.3746,C06124,C06124,487,2490,E1817
330,2-Arachidonoylglycerol; 2-Arachidonoyl-sn-glycerol,2-arachidonoyl glycerol,676.21728515625,573.48,102.73728515624998,0.7739955057082052,M380.289764T676.2173_4,C13856,C13856,503,2494,E949
331,Sphingosine 1-phosphate,D-erythro-sphingosine 1-phosphate,549.882690429688,550.32,0.4373095703120953,0.2891399152119169,M381.259491T549.8827,C06124,C06124,487,2507,E1815
332,"Cortisone; 17alpha,21-Dihydroxy-4-pregnene-3,11,20-trione; Kendall's compound E; Reichstein's substance Fa$Aldosterone; 11beta,21-Dihydroxy-3,20-dioxo-4-pregnen-18-al",Cortisone,379.80387878418,380.58,0.7761212158200124,0.727809401590882,M383.182892T379.8039,C00762,C00762,368,2510,E864
333,"18-Hydroxycorticosterone$17alpha,21-Dihydroxy-5beta-pregnane-3,11,20-trione; 5beta-Pregnane-17alpha,21-diol-3,11,20-trione; 4,5beta-Dihydrocortisone$Cortisol; Hydrocortisone; 11beta,17alpha,21-Trihydroxy-4-pregnene-3,20-dione; Kendall's compound F; Reichstein's substance M$11beta,21-Dihydroxy-3,20-oxo-5beta-pregnan-18-al",Cortisol,392.288543701172,393.18,0.8914562988280181,0.932976146989823,M385.198493T392.2885,C00735,C00735,380,2516,E1006
334,"18-Hydroxycorticosterone$17alpha,21-Dihydroxy-5beta-pregnane-3,11,20-trione; 5beta-Pregnane-17alpha,21-diol-3,11,20-trione; 4,5beta-Dihydrocortisone$Cortisol; Hydrocortisone; 11beta,17alpha,21-Trihydroxy-4-pregnene-3,20-dione; Kendall's compound F; Reichstein's substance M$11beta,21-Dihydroxy-3,20-oxo-5beta-pregnan-18-al",Cortisol,479.679626464844,393.18,86.49962646484397,0.2267203189679616,M385.200838T479.6796,C00735,C00735,380,2523,E1007
335,"Desmosterol; 24-Dehydrocholesterol; Cholesta-5,24-dien-3beta-ol$Cholest-4-en-3-one; Cholestenone; 4-Cholesten-3-one$Zymosterol; delta8,24-Cholestadien-3beta-ol; 5alpha-Cholesta-8,24-dien-3beta-ol$5alpha-Cholesta-7,24-dien-3beta-ol$Cholesta-5,7-dien-3beta-ol; 7-Dehydrocholesterol; Provitamin D3$Vitamin D3; Cholecalciferol",Cholest-4-en-3-one,672.072937011719,673.14,1.067062988281009,0.1532572081473491,M385.34653T672.0729,C00599,C00599,77,2526,E1011
336,"Desmosterol; 24-Dehydrocholesterol; Cholesta-5,24-dien-3beta-ol$Cholest-4-en-3-one; Cholestenone; 4-Cholesten-3-one$Zymosterol; delta8,24-Cholestadien-3beta-ol; 5alpha-Cholesta-8,24-dien-3beta-ol$5alpha-Cholesta-7,24-dien-3beta-ol$Cholesta-5,7-dien-3beta-ol; 7-Dehydrocholesterol; Provitamin D3$Vitamin D3; Cholecalciferol",Cholecalciferol,672.072937011719,631.1999999999999,40.872937011719046,0.1532572081473491,M385.34653T672.0729,C05443,C05443,76,2530,E1011
337,"Desmosterol; 24-Dehydrocholesterol; Cholesta-5,24-dien-3beta-ol$Cholest-4-en-3-one; Cholestenone; 4-Cholesten-3-one$Zymosterol; delta8,24-Cholestadien-3beta-ol; 5alpha-Cholesta-8,24-dien-3beta-ol$5alpha-Cholesta-7,24-dien-3beta-ol$Cholesta-5,7-dien-3beta-ol; 7-Dehydrocholesterol; Provitamin D3$Vitamin D3; Cholecalciferol",Cholest-4-en-3-one,547.050323486328,673.14,126.08967651367198,0.0019870126085015,M385.343896T547.0503,C00599,C00599,77,2532,E1010
338,"Desmosterol; 24-Dehydrocholesterol; Cholesta-5,24-dien-3beta-ol$Cholest-4-en-3-one; Cholestenone; 4-Cholesten-3-one$Zymosterol; delta8,24-Cholestadien-3beta-ol; 5alpha-Cholesta-8,24-dien-3beta-ol$5alpha-Cholesta-7,24-dien-3beta-ol$Cholesta-5,7-dien-3beta-ol; 7-Dehydrocholesterol; Provitamin D3$Vitamin D3; Cholecalciferol",Cholecalciferol,547.050323486328,631.1999999999999,84.14967651367192,0.0019870126085015,M385.343896T547.0503,C05443,C05443,76,2536,E1010
339,"3alpha,12alpha-Dihydroxy-5beta-cholanate; Deoxycholic acid; Deoxycholate; 3alpha,12alpha-Dihydroxy-5beta-cholanic acid$Chenodeoxycholate; Chenodeoxycholic acid; 3alpha,7alpha-Dihydroxy-5beta-cholanic acid; Chenodiol",Deoxycholate,601.693237304688,532.3199999999999,69.37323730468802,0.2047115133003378,M393.297745T601.6932,C04483,C04483,476,2567,E1032
340,"3alpha,12alpha-Dihydroxy-5beta-cholanate; Deoxycholic acid; Deoxycholate; 3alpha,12alpha-Dihydroxy-5beta-cholanic acid$Chenodeoxycholate; Chenodeoxycholic acid; 3alpha,7alpha-Dihydroxy-5beta-cholanic acid; Chenodiol",Deoxycholate,575.235961914062,532.3199999999999,42.91596191406211,0.3675187840886609,M393.299927T575.236_2,C04483,C04483,476,2569,E1032
341,"3alpha,12alpha-Dihydroxy-5beta-cholanate; Deoxycholic acid; Deoxycholate; 3alpha,12alpha-Dihydroxy-5beta-cholanic acid$Chenodeoxycholate; Chenodeoxycholic acid; 3alpha,7alpha-Dihydroxy-5beta-cholanic acid; Chenodiol",Deoxycholate,601.704772949219,532.3199999999999,69.38477294921904,0.3732739630657209,M394.301035T601.7048,C04483,C04483,476,2572,E1032
342,"3alpha,12alpha-Dihydroxy-5beta-cholanate; Deoxycholic acid; Deoxycholate; 3alpha,12alpha-Dihydroxy-5beta-cholanic acid$Chenodeoxycholate; Chenodeoxycholic acid; 3alpha,7alpha-Dihydroxy-5beta-cholanic acid; Chenodiol",Deoxycholate,575.270751953125,532.3199999999999,42.950751953125064,0.2570728719950299,M394.303307T575.2708,C04483,C04483,476,2575,E1032
343,2-Arachidonoylglycerol; 2-Arachidonoyl-sn-glycerol,2-arachidonoyl glycerol,751.973815917969,573.48,178.49381591796896,0.81001207968298,M401.267801T751.9738,C13856,C13856,503,2602,E951
344,2-Arachidonoylglycerol; 2-Arachidonoyl-sn-glycerol,2-arachidonoyl glycerol,676.526794433594,573.48,103.04679443359396,0.4827634983999208,M401.266168T676.5268_2,C13856,C13856,503,2603,E949
345,Sphingosine 1-phosphate,D-erythro-sphingosine 1-phosphate,549.905395507812,550.32,0.41460449218800477,0.4884342672681673,M402.237955T549.9054,C06124,C06124,487,2609,E1815
346,Sphingosine 1-phosphate,D-erythro-sphingosine 1-phosphate,679.0048828125,550.32,128.68488281249995,0.0135885728557752,M402.240028T679.0049_2,C06124,C06124,487,2610,E1816
347,Cholate,Cholate,711.608703613281,505.43999999999994,206.16870361328108,0.747691669517619,M409.292643T711.6087_2,C00695,C00695,456,2640,E1861
348,"3alpha,12alpha-Dihydroxy-5beta-cholanate; Deoxycholic acid; Deoxycholate; 3alpha,12alpha-Dihydroxy-5beta-cholanic acid$Chenodeoxycholate; Chenodeoxycholic acid; 3alpha,7alpha-Dihydroxy-5beta-cholanic acid; Chenodiol",Deoxycholate,576.220703125,532.3199999999999,43.900703125000064,0.1371942071066368,M415.281929T576.2207,C04483,C04483,476,2661,E1032
349,"3alpha,12alpha-Dihydroxy-5beta-cholanate; Deoxycholic acid; Deoxycholate; 3alpha,12alpha-Dihydroxy-5beta-cholanic acid$Chenodeoxycholate; Chenodeoxycholic acid; 3alpha,7alpha-Dihydroxy-5beta-cholanic acid; Chenodiol",Deoxycholate,213.937026977539,532.3199999999999,318.38297302246093,0.9584660447662636,M415.280448T213.937,C04483,C04483,476,2663,E1029
350,Cholate,Cholate,707.647430419922,505.43999999999994,202.20743041992205,0.9041368279790976,M431.280797T707.6474,C00695,C00695,456,2784,E1861
351,Chenodeoxyglycocholate$,Glycochenodeoxycholate,504.367568969727,504.9,0.53243103027296,0.5275172228979201,M450.32162T504.3676_3,C05466,C05466,455,2873,E1944
352,Chenodeoxyglycocholate$,Glycochenodeoxycholate,637.725036621094,504.9,132.825036621094,0.2709354972478484,M450.325813T637.725,C05466,C05466,455,2875,E1945
353,Chenodeoxyglycocholate$,Glycochenodeoxycholate,504.363189697266,504.9,0.5368103027339544,0.4785522333494875,M451.32505T504.3632_3,C05466,C05466,455,2880,E1944
354,Testosterone glucuronide; Testosterone 17beta-(beta-D-glucuronide)$testosterone glucuronide,Epitestosterone glucuronide,718.398162841797,402.48,315.91816284179697,0.0081704855633303,M465.250499T718.3982_2,C11134,C11134,388,2920,E1256
355,glycocholate,Glycocholate,529.027404785156,479.28000000000003,49.74740478515599,0.0938171360943127,M466.31652T529.0274,C01921,C01921,445,2923,E1260
356,Chenodeoxyglycocholate$,Glycochenodeoxycholate,504.363952636719,504.9,0.5360473632809999,0.5418487865005411,M472.303794T504.364,C05466,C05466,455,2947,E1944
357,Bilirubin,Bilirubin,343.585662841797,439.20000000000005,95.61433715820306,0.0660608530615487,M584.26048T343.5857,C00486,C00486,416,3051,E1505
358,Bilirubin,Bilirubin,606.443420410156,439.20000000000005,167.24342041015598,0.8800172089907524,M584.261006T606.4434,C00486,C00486,416,3053,E1510
359,Bilirubin,Bilirubin,499.949844360352,439.20000000000005,60.74984436035197,0.4549148174266934,M584.260133T499.9498,C00486,C00486,416,3055,E1508
360,Bilirubin,Bilirubin,606.446197509766,439.20000000000005,167.24619750976592,0.7687663763713866,M585.270993T606.4462,C00486,C00486,416,3056,E1510
361,Bilirubin,Bilirubin,343.353424072266,439.20000000000005,95.84657592773402,0.0618235839466269,M585.271206T343.3534,C00486,C00486,416,3057,E1505
362,Bilirubin,Bilirubin,508.336776733398,439.20000000000005,69.13677673339794,0.8368036975703295,M585.271239T508.3368,C00486,C00486,416,3058,E1508
363,Bilirubin,Bilirubin,343.355590820312,439.20000000000005,95.84440917968806,0.0688175247864249,M586.274532T343.3556_2,C00486,C00486,416,3059,E1505
364,Bilirubin,Bilirubin,504.163833618164,439.20000000000005,64.96383361816396,0.9932364026729912,M586.274549T504.1638,C00486,C00486,416,3060,E1508
365,Bilirubin,Bilirubin,606.354248046875,439.20000000000005,167.15424804687495,0.8768193774099053,M586.274411T606.3542,C00486,C00486,416,3061,E1510
366,Bilirubin,Bilirubin,606.572387695312,439.20000000000005,167.372387695312,0.9999568736807768,M607.253207T606.5724,C00486,C00486,416,3063,E1510
367,Sphingomyelin,Palmitoyl sphingomyelin,713.730041503906,677.1,36.630041503906,0.012408947065311,M731.605791T713.73,C00550,C00550,79,3071,E2019
368,Sphingomyelin,Palmitoyl sphingomyelin,713.734741210938,677.1,36.63474121093793,0.0128877535291887,M732.609135T713.7347,C00550,C00550,79,3072,E2019
369,Sphingomyelin,Palmitoyl sphingomyelin,713.734741210938,677.1,36.63474121093793,0.0160225750448225,M733.612293T713.7347,C00550,C00550,79,3073,E2019
370,Sphingomyelin,Palmitoyl sphingomyelin,713.663665771484,677.1,36.56366577148401,0.1749616280590469,M754.590559T713.6637,C00550,C00550,79,3074,E2019
371,"O-(4-Hydroxy-3,5-diidophenyl)-3,5-diiodo-L-tyrosine; L-Thyroxine; 3,5,3'5'-Tetraiodo-L-thyronine; Levothyroxin; T4",Levothyroxine,435.127960205078,435.9,0.772039794921966,0.0387373063518041,M777.692956T435.128,C01829,C01829,413,3075,E1850
372,"O-(4-Hydroxy-3,5-diidophenyl)-3,5-diiodo-L-tyrosine; L-Thyroxine; 3,5,3'5'-Tetraiodo-L-thyronine; Levothyroxin; T4",Levothyroxine,435.138046264648,435.9,0.7619537353519945,0.2283972975543409,M778.696314T435.138,C01829,C01829,413,3076,E1850
373,Phosphatidylcholine,dipalmitoylphosphatidylcholine,655.621917724609,714.24,58.618082275390975,0.9255826794451748,M876.683071T655.6219,C00157,C00157,80,3077,E2023
