input_row	EID	str_row_ion	compounds	compound_names	input_row	m/z	retention_time	p_value	statistic	CompoundID_from_user
row1	E1	row1_M+H[1+]	CE1944	1-pyrroline	row1	70.0652429871506	44.3972263336182	0.15327567979625992	-2.008317678799448	M70.065243T44.3972
row14	E4	row14_M+H[1+]	C01659	Acrylamide; 2-Propenamide	row14	72.0441649576341	582.519073486328	0.006766773921392295	3.5254784186596866	M72.044165T582.5191
row33	E5	row33_M+H[1+];row675_M+HCOONa[1+]	C01888;C05665	Aminoacetone$beta-Aminopropion aldehyde	row33	74.0601763540282	43.1834545135498	0.775557200430357	0.5044083012231068	M74.060176T43.1835
row33	E12	row33_M+2H[2+];row736_M+H[1+];row750_M(C13)+H[1+];row978_M+Na[1+]	C00047	L-Lysine	row33	74.0601763540282	43.1834545135498	0.775557200430357	0.5044083012231068	M74.060176T43.1835
row38	E13	row38_M+H[1+]	C00937;C00424;C05235;C00163	(R)-Lactaldehyde; D-Lactaldehyde; D-2-Hydroxypropionaldehyde$(S)-Lactaldehyde; L-Lactaldehyde; L-2-Hydroxypropionaldehyde$Hydroxyacetone; Acetol; 1-Hydroxy-2-propanone; 2-Ketopropyl alcohol; Acetone alcohol; Pyruvinalcohol; Pyruvic alcohol; Methylketol$Propionate (n-C3:0)	row38	75.0441952376563	725.6845703125	0.6153968790285371	-0.8436014143290689	M75.044195T725.6846
row40	E16	row40_M+H[1+]	C00037	Glycine	row40	76.0394556209716	43.8325996398926	0.38941200313561114	-1.304083114023656	M76.039456T43.8326
row174	E17	row174_M+H[1+]	C00213;C00041;C00099;C00133	Sarcosine; N-Methylglycine$L-Alanine$beta-Alanine$D-Alanine	row174	90.0551103994434	43.0787734985352	0.322564169328007	-1.470203054526196	M90.05511T43.0788
row184	E23	row184_M+H[1+]	C00256;C01013;C00186;C00184	D-Lactate$3-Hydroxypropanoate; 3-Hydroxypropanoic acid; 3-Hydroxypropionate; 3-Hydroxypropionic acid; Hydracrylic acid$L-Lactate$Dihydroxyacetone	row184	91.0391354352981	772.002624511719	0.4715454113958167	-1.1263731695473822	M91.039135T772.0026
row185	E24	row185_M+H[1+]	C00256;C01013;C00186;C00184	D-Lactate$3-Hydroxypropanoate; 3-Hydroxypropanoic acid; 3-Hydroxypropionate; 3-Hydroxypropionic acid; Hydracrylic acid$L-Lactate$Dihydroxyacetone	row185	91.0391387267258	828.163238525391	0.8576200915889209	0.33141272260055615	M91.039139T828.1632
row197	E28	row197_M+H[1+]	CE1950	cyanosulfurous acid anion	row197	91.9801983096123	38.2091255187988	0.6950580931478273	0.6749571680825527	M91.980198T38.2091
row233	E31	row233_M+H[1+];row234_M+H[1+]	C00059	Sulfate	row233	98.9745253534109	250.501121520996	0.9668856231853474	0.07593628287439028	M98.974525T250.5011
row234	E31	row233_M+H[1+];row234_M+H[1+]	C00059	Sulfate	row234	98.9744626938693	237.190475463867	0.9909530069188894	-0.024844222549543337	M98.974463T237.1905
row250	E37	row250_M+H[1+]	C02373	4-Methylpentanal; Isocaproaldehyde; Isohexanal	row250	101.096293885389	417.632385253906	0.7259312205767233	0.6115848490787571	M101.096294T417.6324
row274	E38	row274_M+H[1+]	C02356;C01026;C00334;C05145;C01205;C03284	(S)-2-Aminobutanoate; (S)-2-Aminobutanoic acid; (S)-2-Aminobutyric acid$N,N-Dimethylglycine; Dimethylglycine$4-Aminobutanoate$3-Aminoisobutyric acid; 3-Aminoisobutanoate; 3-Amino-2-methylpropanoate$D-3-Amino-isobutanoate$L-3-Amino-isobutanoate	row274	104.070766438623	44.2335472106934	0.05725397996098721	2.5552869814880923	M104.070766T44.2335
row297	E42	row297_M+H[1+]	C00065;C00740	L-Serine$D-Serine	row297	106.050043479206	43.6775131225586	0.001450516946401365	-4.123848550850408	M106.050043T43.6775
row297	E43	row1542_M+Na[1+];row297_M(C13)+2H[2+]	C16604	2-Hydroxyiminostilbene	row297	106.050043479206	43.6775131225586	0.001450516946401365	-4.123848550850408	M106.050043T43.6775
row340	E48	row340_M+H[1+]	C00106	Uracil	row340	113.034836365238	82.3572845458984	0.05010563252583986	-2.632595868695851	M113.034836T82.3573_2
row341	E49	row341_M+H[1+]	C04221	trans-1,2-Dihydrobenzene-1,2-diol	row341	113.059902150385	780.301696777344	0.8617678033674986	-0.3191013623217748	M113.059902T780.3017
row361	E55	row361_M+H[1+]	CE4788;C00763;C00148	acetamidopropanal$D-Proline$L-Proline	row361	116.070820660581	43.9530963897705	0.1124696091092251	-2.189119141252265	M116.070821T43.9531_2
row366	E56	row366_M+Na[1+]	C06755	Chloroacetic acid; Chloroethanoic acid	row366	116.970947625589	766.384094238281	0.0831572157348241	2.3613801107686	M116.970948T766.3841_2
row390	E57	row390_M+H[1+]	C00719;C00431;C00183	Glycine betaine$5-Aminopentanoate; 5-Aminopentanoic acid; 5-Aminovaleric acid$L-Valine	row390	118.086444247396	58.0864295959473	0.8102228097766332	0.4260008453864519	M118.086444T58.0864_3
row391	E58	row391_M+H[1+];row392_M+H[1+];row393_M+H[1+]	C00719;C00431;C00183	Glycine betaine$5-Aminopentanoate; 5-Aminopentanoic acid; 5-Aminovaleric acid$L-Valine	row391	118.086334220069	830.836151123047	0.5206226967113853	-1.0244860532178839	M118.086334T830.8362
row392	E58	row391_M+H[1+];row392_M+H[1+];row393_M+H[1+]	C00719;C00431;C00183	Glycine betaine$5-Aminopentanoate; 5-Aminopentanoic acid; 5-Aminovaleric acid$L-Valine	row392	118.086333886135	888.613647460938	0.5298819725435746	1.0084385529983846	M118.086334T888.6136
row393	E58	row391_M+H[1+];row392_M+H[1+];row393_M+H[1+]	C00719;C00431;C00183	Glycine betaine$5-Aminopentanoate; 5-Aminopentanoic acid; 5-Aminovaleric acid$L-Valine	row393	118.086473317536	778.006317138672	0.3989145588727294	-1.27773496859384	M118.086473T778.0063
row419	E64	row419_M+H[1+]	C05519;C00188	L-Allo-threonine$L-Threonine	row419	120.065868078614	162.343162536621	0.37141583194304156	1.3454063053328664	M120.065868T162.3432_4
row420	E63	row420_M+H[1+];row675_M+Na[1+]	C05519;C00188	L-Allo-threonine$L-Threonine	row420	120.06567460452	43.1872940063477	0.8700415347574554	-0.3025277037759833	M120.065675T43.1873
row438	E68	row438_M+H[1+];row440_M+H[1+];row443_M+H[1+]	C00601	Phenylacetaldehyde; alpha-Tolualdehyde	row438	121.064846095728	529.25048828125	0.061185257543385774	2.5240295314439054	M121.064846T529.2505
row439	E67	row439_M+H[1+];row444_M+H[1+]	C00601	Phenylacetaldehyde; alpha-Tolualdehyde	row439	121.064848255018	462.738586425781	0.8372171698471362	-0.37537574068059304	M121.064848T462.7386
row440	E68	row438_M+H[1+];row440_M+H[1+];row443_M+H[1+]	C00601	Phenylacetaldehyde; alpha-Tolualdehyde	row440	121.064873869651	553.052734375	0.31152275663635504	1.4980566760554948	M121.064874T553.0527
row441	E69	row441_M+H[1+];row442_M+H[1+]	C00601	Phenylacetaldehyde; alpha-Tolualdehyde	row441	121.064981581395	779.98876953125	0.31537359056923747	-1.48712362246466	M121.064982T779.9888
row442	E69	row441_M+H[1+];row442_M+H[1+]	C00601	Phenylacetaldehyde; alpha-Tolualdehyde	row442	121.065309100845	827.720123291016	0.9716201196591737	-0.06572276988966394	M121.065309T827.7201
row443	E68	row438_M+H[1+];row440_M+H[1+];row443_M+H[1+]	C00601	Phenylacetaldehyde; alpha-Tolualdehyde	row443	121.064914041501	513.012847900391	0.6704745599211999	0.7311528187761728	M121.064914T513.0128
row444	E67	row439_M+H[1+];row444_M+H[1+]	C00601	Phenylacetaldehyde; alpha-Tolualdehyde	row444	121.065011652617	441.826309204102	0.6762004470694103	0.7186088126831723	M121.065012T441.8263
row458	E70	row458_M+H[1+];row467_M(C13)+H[1+]	C00180;C00633	Benzoate; Benzoic acid; Benzenecarboxylic acid; Phenylformic acid; Dracylic acid$4-Hydroxybenzaldehyde; p-Hydroxybenzaldehyde	row458	123.044269213077	80.84375	0.49516034175102924	1.0765469098172824	M123.044269T80.8438_2
row467	E70	row458_M+H[1+];row467_M(C13)+H[1+]	C00180;C00633	Benzoate; Benzoic acid; Benzenecarboxylic acid; Phenylformic acid; Dracylic acid$4-Hydroxybenzaldehyde; p-Hydroxybenzaldehyde	row467	124.047853617427	80.84375	0.2979645263806046	1.535761198181306	M124.047854T80.8438
row498	E75	row498_M+Na[1+]	C05984;C01089;C03197;C06001;C00989	2-Hydroxybutyrate$(R)-3-Hydroxybutanoate; (R)-3-Hydroxybutanoic acid; (R)-3-Hydroxybutyric acid$(S)-3-Hydroxybutanoate$(S)-3-Hydroxyisobutyrate$4-Hydroxybutanoic acid; 4-Hydroxybutanoate; 4-Hydroxybutyric acid	row498	127.035381965395	766.723541259766	0.4441605670772019	-1.1853705071997198	M127.035382T766.7235
row500	E79	row500_M+H[1+]	C00178;C02835	Thymine$Imidazole-4-acetate; Imidazoleacetic acid; 4-Imidazoleacetate	row500	127.049934258887	145.675567626953	0.6761033501271951	-0.7193415435202317	M127.049934T145.6756
row512	E80	row512_M[1+];row788_M+Na[1+]	C00906	5,6-Dihydrothymine	row512	128.058725330696	34.210277557373	0.5355431544108075	0.9985524675242873	M128.058725T34.2103_6
row536	E81	row536_M+H[1+];row537_M+H[1+]	C00906	5,6-Dihydrothymine	row536	129.065978022909	108.740852355957	0.8123025530144102	0.4192392786264697	M129.065978T108.7409
row537	E81	row536_M+H[1+];row537_M+H[1+]	C00906	5,6-Dihydrothymine	row537	129.066101483183	95.1093368530273	0.048030427685887486	2.650143063728371	M129.066101T95.1093
row548	E84	row548_M+H[1+];row549_M+H[1+];row562_M(C13)+H[1+];row563_M(C13)+H[1+]	C01879;C04281;C04282	5-Oxoproline$L-1-Pyrroline-3-hydroxy-5-carboxylate$1-Pyrroline-4-hydroxy-2-carboxylate	row548	130.050123750485	45.7968521118164	0.9729654169585087	-0.06163654476657501	M130.050124T45.7969
row549	E84	row548_M+H[1+];row549_M+H[1+];row562_M(C13)+H[1+];row563_M(C13)+H[1+]	C01879;C04281;C04282	5-Oxoproline$L-1-Pyrroline-3-hydroxy-5-carboxylate$1-Pyrroline-4-hydroxy-2-carboxylate	row549	130.050140099514	76.6810455322266	0.9153000510090695	-0.20890242105535178	M130.05014T76.681
row562	E84	row548_M+H[1+];row549_M+H[1+];row562_M(C13)+H[1+];row563_M(C13)+H[1+]	C01879;C04281;C04282	5-Oxoproline$L-1-Pyrroline-3-hydroxy-5-carboxylate$1-Pyrroline-4-hydroxy-2-carboxylate	row562	131.053491134505	44.331729888916	0.6043322964215226	-0.8664889318087758	M131.053491T44.3317
row563	E84	row548_M+H[1+];row549_M+H[1+];row562_M(C13)+H[1+];row563_M(C13)+H[1+]	C01879;C04281;C04282	5-Oxoproline$L-1-Pyrroline-3-hydroxy-5-carboxylate$1-Pyrroline-4-hydroxy-2-carboxylate	row563	131.053883910349	76.7079582214355	0.7454537397809847	-0.5722849369680767	M131.053884T76.708
row564	E91	row564_M+H[1+]	C00233;C06102;C03465	4-Methyl-2-oxopentanoate$Adipate semialdehyde; Hexan-1-one-6-carboxylate; 6-Oxohexanoate$3-Methyl-2-oxopentanoate; 2-Oxo-3-methylvalerate	row564	131.070690548178	199.437118530273	0.36443364513004006	-1.3625468449965386	M131.070691T199.4371
row609	E100	row609_M+H[1+]	C00149	L-Malate	row609	135.02798706627	64.7472991943359	0.23724579999340167	1.7214697968235957	M135.027987T64.7473
row617	E102	row617_M+Na[1+]	C00320	Thiosulfate	row617	135.926582789383	774.548400878906	0.7520613442782168	0.553871830121416	M135.926583T774.5484
row625	E103	row625_M+H[1+];row635_M(C13)+H[1+]	C02505	2-Phenylacetamide	row625	136.075956896586	80.8609313964844	0.43040596372306766	1.211268113541643	M136.075957T80.8609_3
row634	E108	row634_M+H[1+]	C07086;C03765	Phenylacetic acid; Benzylformic acid; Phenylacetate; Benzeneacetiic acid$4-Hydroxyphenylacetaldehyde	row634	137.059944127545	80.8362655639648	0.2837724938584118	1.5776008646446296	M137.059944T80.8363_1
row635	E103	row625_M+H[1+];row635_M(C13)+H[1+]	C02505	2-Phenylacetamide	row635	137.079998344967	80.9104309082031	0.3935055078196323	1.2940030831701455	M137.079998T80.9104_2
row638	E106	row638_M+H[1+]	C06078;C00521;C06099	$(-)-Limonene; (-)-(S)-Limonene; (-)-(4S)-Limonene$(+)-Limonene; (+)-(R)-Limonene; (+)-(4R)-Limonene	row638	137.132718791679	575.752319335938	0.00035591167110236865	4.662505546059164	M137.132719T575.7523
row639	E105	row639_M+H[1+]	C06078;C00521;C06099	$(-)-Limonene; (-)-(S)-Limonene; (-)-(4S)-Limonene$(+)-Limonene; (+)-(R)-Limonene; (+)-(4R)-Limonene	row639	137.132757204566	463.260925292969	0.004506576909384732	3.6818074475194655	M137.132757T463.2609_2
row648	E111	row648_M+H[1+]	C05585;C00156	Gentisate aldehyde$4-Hydroxybenzoate	row648	139.04032206154	436.442138671875	0.815262108061906	-0.41449119582457083	M139.040322T436.4421
row674	E118	row674_M+H[1+]	C00346	Ethanolamine phosphate	row674	142.024985306455	48.4329643249512	0.004253186185992273	-3.7096128470938865	M142.024985T48.433
row675	E5	row33_M+H[1+];row675_M+HCOONa[1+]	C01888;C05665	Aminoacetone$beta-Aminopropion aldehyde	row675	142.047853891548	42.6430644989014	0.8285735830837124	-0.3899406798433074	M142.047854T42.6431
row675	E63	row420_M+H[1+];row675_M+Na[1+]	C05519;C00188	L-Allo-threonine$L-Threonine	row675	142.047853891548	42.6430644989014	0.8285735830837124	-0.3899406798433074	M142.047854T42.6431
row714	E122	row714_M+H[1+]	C05543	3-Dehydroxycarnitine	row714	146.117809781017	44.1547889709473	0.23769385116633263	-1.7199226436640793	M146.11781T44.1548
row727	E128	row727_M+H[1+]	C05851		row727	147.042968780017	503.791687011719	0.00033371360833812116	4.690230336873726	M147.042969T503.7917
row728	E127	row728_M+H[1+]	C05851		row728	147.044313115807	80.8434448242188	0.4558311366471567	1.1640716388671548	M147.044313T80.8434_1
row729	E130	row729_M+H[1+]	C06006	(S)-2-Aceto-2-hydroxybutanoate; (S)-2-Hydroxy-2-ethyl-3-oxobutanoate	row729	147.065425514985	474.660568237305	0.2571650712621401	1.6579187302754843	M147.065426T474.6606
row731	E131	row731_M+H[1+]	C06006	(S)-2-Aceto-2-hydroxybutanoate; (S)-2-Hydroxy-2-ethyl-3-oxobutanoate	row731	147.065427303754	601.801849365234	0.9246317900475284	-0.1796516412339626	M147.065427T601.8018_1
row732	E132	row732_M+H[1+];row733_M+H[1+];row749_M(C13)+H[1+];row977_M+Na[1+]	C00064;C05100;C00819	L-Glutamine$3-Ureidoisobutyrate$D-Glutamine; D-2-Aminoglutaramic acid	row732	147.076352371627	62.199182510376	0.7781104076568801	0.49445114017016506	M147.076352T62.1992_1
row733	E132	row732_M+H[1+];row733_M+H[1+];row749_M(C13)+H[1+];row977_M+Na[1+]	C00064;C05100;C00819	L-Glutamine$3-Ureidoisobutyrate$D-Glutamine; D-2-Aminoglutaramic acid	row733	147.076473061729	43.2995338439941	0.06961569862209142	-2.4539408629495427	M147.076473T43.2995
row736	E12	row33_M+2H[2+];row736_M+H[1+];row750_M(C13)+H[1+];row978_M+Na[1+]	C00047	L-Lysine	row736	147.113047605365	36.6283493041992	0.8257151355152514	-0.39458214108153755	M147.113048T36.6283_2
row749	E132	row732_M+H[1+];row733_M+H[1+];row749_M(C13)+H[1+];row977_M+Na[1+]	C00064;C05100;C00819	L-Glutamine$3-Ureidoisobutyrate$D-Glutamine; D-2-Aminoglutaramic acid	row749	148.080024071467	43.6106967926025	0.1608411674741469	-1.9779938334903258	M148.080024T43.6107
row750	E12	row33_M+2H[2+];row736_M+H[1+];row750_M(C13)+H[1+];row978_M+Na[1+]	C00047	L-Lysine	row750	148.117029334738	36.5542907714844	0.9078162850429822	-0.22543917098272168	M148.117029T36.5543
row788	E80	row512_M[1+];row788_M+Na[1+]	C00906	5,6-Dihydrothymine	row788	151.048122941	42.6345443725586	0.11075429323483282	-2.1992124158430664	M151.048123T42.6345
row789	E147	row789_M+H[1+]	C02646	4-Coumaryl alcohol; 4-Hydroxycinnamyl alcohol; p-Coumaryl alcohol	row789	151.075627030479	380.938522338867	0.49157496510450366	-1.082440920714177	M151.075627T380.9385
row802	E151	row802_M+Na[1+]	C07649	5-FU; Fluorouracil; 5-Fluorouracil	row802	153.006536120599	34.1796360015869	0.6037538659099321	0.8677127860716403	M153.006536T34.1796_1
row803	E90	row803_M+Na[1+]	C00233;C06102;C03465	4-Methyl-2-oxopentanoate$Adipate semialdehyde; Hexan-1-one-6-carboxylate; 6-Oxohexanoate$3-Methyl-2-oxopentanoate; 2-Oxo-3-methylvalerate	row803	153.052486541863	38.7723484039307	0.7509727666088108	-0.5567949647538748	M153.052487T38.7723
row804	E152	row804_M+H[1+];row812_M(C13)+H[1+]	C04043;C00642;C05852	3,4-Dihydroxyphenylacetaldehyde; Protocatechuatealdehyde$4-Hydroxyphenylacetate$2-Hydroxyphenylacetate	row804	153.054049352213	263.033508300781	0.6565265936403728	-0.7576301477638219	M153.054049T263.0335
row811	E154	row1995_M+H[1+];row811_M+H+Na[2+]	C01762	Xanthosine	row811	154.035063142387	33.6207542419434	0.3957606161958847	1.287873633471287	M154.035063T33.6208
row812	E152	row804_M+H[1+];row812_M(C13)+H[1+]	C04043;C00642;C05852	3,4-Dihydroxyphenylacetaldehyde; Protocatechuatealdehyde$4-Hydroxyphenylacetate$2-Hydroxyphenylacetate	row812	154.058618375441	263.086715698242	0.3783000022269864	1.3296889863298864	M154.058618T263.0867
row812	E155	row812_M+Na[1+]	C00300	Creatine; alpha-Methylguanidino acetic acid; Methylglycocyamine	row812	154.058618375441	263.086715698242	0.3783000022269864	1.3296889863298864	M154.058618T263.0867
row819	E92	row819_M+Na[1+]	C02642;C00152	N-Carbamoyl-beta-alanine$L-Asparagine	row819	155.04298758909	43.1342277526855	0.047998918816515745	-2.650846354972827	M155.042988T43.1342
row822	E161	row822_M+H[1+]	CE2577		row822	155.106918170477	434.228637695312	0.24950494032780166	-1.6793099449550895	M155.106918T434.2286
row823	E160	row823_M+H[1+];row830_M(C13)+H[1+]	CE2577		row823	155.106915171677	382.739624023438	0.3254768470894692	-1.4583981390825802	M155.106915T382.7396
row829	E157	row829_M+H[1+]	C00135	L-Histidine	row829	156.076880642006	60.79345703125	0.008653627851759443	-3.428645218029281	M156.076881T60.7935
row830	E160	row823_M+H[1+];row830_M(C13)+H[1+]	CE2577		row830	156.110349479463	382.811950683594	0.2290573947775844	-1.7474929270727997	M156.110349T382.812
row861	E170	row861_M+Na[1+]	C05650	Tetrahydropteridine; 5,6,7,8-Tetrahydropteridine	row861	159.065280765179	320.480895996094	0.004115792201032303	-3.723705028009197	M159.065281T320.4809
row862	E169	row862_M+Na[1+]	C05650	Tetrahydropteridine; 5,6,7,8-Tetrahydropteridine	row862	159.065499564214	208.418579101562	0.18808079288171525	-1.8745820465503158	M159.0655T208.4186
row872	E171	row872_M+H[1+];row883_M(C13)+H[1+]	C00637	Indole-3-acetaldehyde	row872	160.075720383659	199.983901977539	0.5093768672005524	-1.0479349973351775	M160.07572T199.9839
row873	E172	row873_M+H[1+]	C00637	Indole-3-acetaldehyde	row873	160.075976460329	381.035189582031	0.667013808956604	-0.7380352293251925	M160.075976T381.0352
row874	E173	row874_M+H[1+]	C03087	5-Acetamidopentanoate	row874	160.095498906199	199.419281005859	0.6787074289629529	-0.712501217916147	M160.095499T199.4193
row882	E175	row882_M+H[1+]	C00322	2-Oxoadipate	row882	161.044719121604	850.032775878906	0.3241407150175619	1.4638011504727086	M161.044719T850.0328
row883	E171	row872_M+H[1+];row883_M(C13)+H[1+]	C00637	Indole-3-acetaldehyde	row883	161.079274792689	199.447372436523	0.4078021244709586	-1.2554980486975051	M161.079275T199.4474
row928	E185	row2145_M+H[1+];row928_M+H+Na[2+]	C00219	arachidonic acid	row928	164.118058938793	43.255220413208	0.4894895293401499	1.0865540905766848	M164.118059T43.2552_2
row934	E187	row934_M+H[1+]	C05838;C00811;C02763;C00166	cis-2-Hydroxycinnamate; 2-Coumarinate$4-Coumarate; p-Coumaric acid; trans-4-Hydroxycinnamate; trans-p-Hydroxycinnamate; 4-Hydroxycinnamic acid; 4-Hydroxycinnamate$enol-Phenylpyruvate$Phenylpyruvate	row934	165.054929313533	80.9028816223145	0.3612793030266442	1.3726131995990922	M165.054929T80.9029_2
row935	E188	row935_M+H[1+]	C01019	6-Deoxy-L-galactose; L-Fucose	row935	165.076110158368	336.189544677734	0.8925260391037133	-0.25669268665588296	M165.07611T336.1895
row949	E197	row949_M+H[1+];row962_M(C13)+H[1+]	C00079;CE2172	L-Phenylalanine$	row949	166.086507845331	162.415054321289	0.05268463746452999	2.598732354162815	M166.086508T162.4151_6
row950	E198	row950_M+H[1+]	peracd	Perillic acid	row950	166.098621306031	470.638519287109	0.9951409129270432	0.013485739739622114	M166.098621T470.6385
row952	E200	row952_M+Na[1+]	C15853	Dehydrospermidine	row952	166.130381836701	162.355369567871	0.2646327186950457	1.6341241609615886	M166.130382T162.3554_8
row956	E194	row956_M+H[1+]	3spyr	3-Sulfopyruvate	row956	166.965605272384	155.792343139648	0.4870450978875366	-1.0928677532946982	M166.965605T155.7923_1
row957	E195	row957_M+H[1+]	3spyr	3-Sulfopyruvate	row957	166.965666830778	336.242523193359	0.00011508592201611196	-5.169754945960483	M166.965667T336.2425
row961	E203	row961_M+H[1+];row970_M(C13)+H[1+]	C05581	3-Methoxy-4-hydroxyphenylacetaldehyde	row961	167.07038908803	466.512725830078	0.3145428845755791	1.4888071712646396	M167.070389T466.5127_2
row962	E197	row949_M+H[1+];row962_M(C13)+H[1+]	C00079;CE2172	L-Phenylalanine$	row962	167.08981829098	162.410293579102	0.04622547694007366	2.670758229014764	M167.089818T162.4103_2
row966	E206	row1176_M+Na[1+];row966_M[1+]	C05528	3-Sulfopyruvate; 3-Sulfopyruvic acid	row966	167.971921803022	785.061584472656	0.8880394480512086	0.2664512940170108	M167.971922T785.0616
row970	E203	row961_M+H[1+];row970_M(C13)+H[1+]	C05581	3-Methoxy-4-hydroxyphenylacetaldehyde	row970	168.073830741232	466.583312988281	0.258503208254108	1.6541142051052664	M168.073831T466.5833
row970	E207	row970_M+Na[1+]	C01035	4-Guanidinobutanoate	row970	168.073830741232	466.583312988281	0.258503208254108	1.6541142051052664	M168.073831T466.5833
row971	E208	row971_M[1+];row979_M+H[1+]	C00534	Pyridoxamine	row971	168.090948100617	162.596374511719	0.03645805483509102	2.7833778383034455	M168.090948T162.5964
row972	E205	row972_M+H[1+]	C05528	3-Sulfopyruvate; 3-Sulfopyruvic acid	row972	168.980629078387	765.869873046875	0.6773240771410551	0.7148899995145822	M168.980629T765.8699
row973	E209	row973_M+Na[1+]	C00026	2-Oxoglutarate	row973	169.010202048912	773.979309082031	0.7665114461628457	0.5236367286344811	M169.010202T773.9793
row975	E210	row975_M+H[1+]	C00366	Urate	row975	169.035903411588	62.6502208709717	0.00595314816751232	-3.5784548334662474	M169.035903T62.6502_5
row976	E129	row976_M+Na[1+]	C06006	(S)-2-Aceto-2-hydroxybutanoate; (S)-2-Hydroxy-2-ethyl-3-oxobutanoate	row976	169.047464640863	248.128875732422	0.6855937952906499	-0.6973507834040991	M169.047465T248.1289
row977	E132	row732_M+H[1+];row733_M+H[1+];row749_M(C13)+H[1+];row977_M+Na[1+]	C00064;C05100;C00819	L-Glutamine$3-Ureidoisobutyrate$D-Glutamine; D-2-Aminoglutaramic acid	row977	169.058403914226	42.5783500671387	0.20241776638490336	-1.8260437812095225	M169.058404T42.5784
row978	E12	row33_M+2H[2+];row736_M+H[1+];row750_M(C13)+H[1+];row978_M+Na[1+]	C00047	L-Lysine	row978	169.094910829538	38.2091255187988	0.7570211543996864	-0.5456748431613861	M169.094911T38.2091_2
row979	E208	row971_M[1+];row979_M+H[1+]	C00534	Pyridoxamine	row979	169.096734225024	167.616592407227	0.4564789581115535	1.162113444496007	M169.096734T167.6166
row985	E214	row985_M+H[1+]	C00506	L-Cysteate	row985	170.012455155987	774.720092773438	0.911277418639427	0.21799772154690808	M170.012455T774.7201_2
row986	E215	row986_M+Na[1+]	C00217;C00025;C05938	D-Glutamate; D-Glutamic acid; D-Glutaminic acid; D-2-Aminoglutaric acid$L-Glutamate$L-4-Hydroxyglutamate semialdehyde	row986	170.04078523814	62.6563949584961	0.008779163768985252	-3.4228344329025067	M170.040785T62.6564
row1031	E150	row1031_M+Na[1+]	C01119	Oxidized dithiothreitol	row1031	174.986709957574	765.787628173828	0.9227118232530355	0.19105375723642432	M174.98671T765.7876
row1032	E226	row1032_M+H[1+]	C00850	Aryl sulfate	row1032	175.005522516275	237.648010253906	0.9758366524416625	-0.05478778764185551	M175.005523T237.648
row1042	E230	row1042_M+H[1+];row1253_M+Na[1+]	C00327	L-Citrulline; 2-Amino-5-ureidovaleric acid; Citrulline	row1042	176.103253430197	43.5834426879883	0.16738677578707892	-1.951310489545714	M176.103253T43.5834
row1053	E156	row1053_M+Na[1+]	C00135	L-Histidine	row1053	178.059048596742	41.2218132019043	0.016994654853032348	-3.1234691800502827	M178.059049T41.2218
row1069	E235	row1069_M+Na[1+]	C02220	2-Aminomuconate	row1069	180.028565896381	773.517700195312	0.6564369685292252	-0.7589580767153778	M180.028566T773.5177
row1073	E20	row1073_M+H[1+]	C00031;C00221;C02336;C00267;C00962;C00795;C00137;C13747;C07480;C00984;C00159	D-Glucose$beta-D-Glucose$beta-D-Fructose; beta-Fruit sugar; beta-D-arabino-Hexulose; beta-Levulose; Fructose$alpha-D-Glucose$beta-D-Galactose$D-Tagatose; lyxo-Hexulose$myo-Inositol$1,7-Dimethylxanthine; Paraxanthine$$alpha-D-Galactose$D-Mannose	row1073	181.071396231276	346.888549804688	0.32258697855930524	-1.4695781340687055	M181.071396T346.8885
row1073	E25	row1073_M+Na[1+]	CE4970;CE4968	2-methylbutyrylglycine$isovalerylglycine	row1073	181.071396231276	346.888549804688	0.32258697855930524	-1.4695781340687055	M181.071396T346.8885
row1091	E240	row1091_M+H[1+];row1097_M(C13)+H[1+]	C00082;CE2174	L-Tyrosine$	row1091	182.081510669939	80.9028816223145	0.42395671729416945	1.2229135502748667	M182.081511T80.9029_5
row1096	E174	row1096_M+Na[1+]	C00322	2-Oxoadipate	row1096	183.027018301018	773.812683105469	0.7573722450187906	0.5441794182900929	M183.027018T773.8127_3
row1097	E240	row1091_M+H[1+];row1097_M(C13)+H[1+]	C00082;CE2174	L-Tyrosine$	row1097	183.08482317496	80.9010696411133	0.35887315484105753	1.3776461945178082	M183.084823T80.9011_2
row1097	E243	row1097_M+H[1+]	C01507;C00794;C01697	L-Iditol$D-Sorbitol$Galactitol	row1097	183.08482317496	80.9010696411133	0.35887315484105753	1.3776461945178082	M183.084823T80.9011_2
row1118	E29	row1118_M+Na[1+]	C05172	Selenophosphate	row1118	184.889224612662	35.9954071044922	0.8713150218225929	0.3002146651817685	M184.889225T35.9954
row1120	E247	row1120_M+H[1+]	C03232	3-Phosphohydroxypyruvate	row1120	184.986372639499	5.54797458648682	0.6991090053051331	0.6652188996556849	M184.986373T5.548_2
row1121	E248	row1121_M+H[1+]	C03232	3-Phosphohydroxypyruvate	row1121	184.986213191814	28.5806789398193	0.9540300842249579	0.10671990137919904	M184.986213T28.5807
row1159	E259	row1159_M+Na[1+];row1160_M+Na[1+]	C16614	6-Methylmercaptopurine	row1159	189.020956929599	250.773872375488	0.7520613442782168	0.5541214513645492	M189.020957T250.7739
row1160	E259	row1159_M+Na[1+];row1160_M+Na[1+]	C16614	6-Methylmercaptopurine	row1160	189.021129023058	237.401336669922	0.5259018674301934	1.0157036488270055	M189.021129T237.4013_1
row1165	E262	row1165_M+H[1+]	C02727	N6-Acetyl-L-lysine	row1165	189.123688481338	58.6575088500977	0.05140285259147794	-2.6148604871314975	M189.123688T58.6575
row1176	E206	row1176_M+Na[1+];row966_M[1+]	C05528	3-Sulfopyruvate; 3-Sulfopyruvic acid	row1176	190.963254496509	784.727172851562	0.6709624993499791	-0.730273780664763	M190.963254T784.7272
row1180	E211	row1180_M+Na[1+]	C00366	Urate	row1180	191.018036772976	197.109420776367	0.4205168251702953	-1.230436939603167	M191.018037T197.1094_1
row1180	E267	row1180_M+H[1+];row1197_M(C13)+H[1+]	C05379	Oxalosuccinate; Oxalosuccinic acid	row1180	191.018036772976	197.109420776367	0.4205168251702953	-1.230436939603167	M191.018037T197.1094_1
row1181	E271	row1181_M+H[1+]	CE1562	5,6-indolequinone-2-carboxylate	row1181	191.023000880542	755.395782470703	0.5101439445596315	1.0445069227688082	M191.023001T755.3958
row1182	E269	row1182_M+H[1+]	CE1562	5,6-indolequinone-2-carboxylate	row1182	191.023001000364	153.979019165039	0.647004641759452	0.7807550783124986	M191.023001T153.979
row1184	E274	row1184_M+Na[1+]	CE3087	beta-carboline	row1184	191.059047304929	379.792465209961	0.2658174650299104	-1.6306670394741032	M191.059047T379.7925
row1189	E280	row1189_M+H[1+]	C06212	N-Methylserotonin	row1189	191.117104173973	196.495170593262	0.073083981764414	-2.4298301904396946	M191.117104T196.4952_2
row1197	E267	row1180_M+H[1+];row1197_M(C13)+H[1+]	C05379	Oxalosuccinate; Oxalosuccinic acid	row1197	192.023699196535	197.151916503906	0.10914647767980251	-2.2108206090225333	M192.023699T197.1519_1
row1198	E272	row1198_M+H[1+]	C05635;C16596;C02712	5-Hydroxyindoleacetate$5-Phenyl-1,3-oxazinane-2,4-dione$N-Acetylmethionine	row1198	192.06721443123	196.675315856934	0.8257151355152514	0.39469134412956886	M192.067214T196.6753_3
row1218	E291	row1218_M+H[1+]	CE4890;C09640	N-methylsalsolinol$(-)-Salsoline	row1218	194.117868604255	758.834503173828	0.05010563252583986	2.632336416024382	M194.117869T758.8345
row1219	E290	row1219_M+H[1+];row1224_M(C13)+H[1+]	CE4890;C09640	N-methylsalsolinol$(-)-Salsoline	row1219	194.117903390581	45.827241897583	0.2355652668596812	-1.7287393265457238	M194.117903T45.8272
row1224	E290	row1219_M+H[1+];row1224_M(C13)+H[1+]	CE4890;C09640	N-methylsalsolinol$(-)-Salsoline	row1224	195.12118232133	45.8346614837646	0.3732422886877828	-1.339250266913738	M195.121182T45.8347
row1246	E297	row1246_M(C13)+2H[2+];row2771_M+H[1+];row2779_M(C13)+H[1+]	C04483;C02528	3alpha,12alpha-Dihydroxy-5beta-cholanate; Deoxycholic acid; Deoxycholate; 3alpha,12alpha-Dihydroxy-5beta-cholanic acid$Chenodeoxycholate; Chenodeoxycholic acid; 3alpha,7alpha-Dihydroxy-5beta-cholanic acid; Chenodiol	row1246	197.65357508152	617.241058349609	0.5269103468358738	-1.0133554779658687	M197.653575T617.2411_1
row1253	E230	row1042_M+H[1+];row1253_M+Na[1+]	C00327	L-Citrulline; 2-Amino-5-ureidovaleric acid; Citrulline	row1253	198.085283257675	43.134521484375	0.048878970169151804	-2.6430066046463443	M198.085283T43.1345
row1262	E299	row1262_M+Na[1+]	C00499	Allantoate; Allantoic acid	row1262	199.045460134887	33.6577796936035	0.2928928040278892	1.5526810556550381	M199.04546T33.6578_2
row1290	E19	row1290_M+Na[1+]	C00031;C00221;C02336;C00267;C00962;C00795;C00137;C13747;C07480;C00984;C00159	D-Glucose$beta-D-Glucose$beta-D-Fructose; beta-Fruit sugar; beta-D-arabino-Hexulose; beta-Levulose; Fructose$alpha-D-Glucose$beta-D-Galactose$D-Tagatose; lyxo-Hexulose$myo-Inositol$1,7-Dimethylxanthine; Paraxanthine$$alpha-D-Galactose$D-Mannose	row1290	203.052973331152	42.60302734375	0.13526332072604563	2.0858190109759147	M203.052973T42.603_8
row1293	E310	row1293_M+H[1+];row1301_M(C13)+H[1+]	C03626	Nomega,Nomega'-Dimethyl-L-arginine; NG,NG-Dimethyl-L-arginine	row1293	203.150415893622	44.2594757080078	0.0009399245938627033	4.297698170747662	M203.150416T44.2595
row1301	E310	row1293_M+H[1+];row1301_M(C13)+H[1+]	C03626	Nomega,Nomega'-Dimethyl-L-arginine; NG,NG-Dimethyl-L-arginine	row1301	204.153878420475	44.5793552398682	0.0019196797549785203	4.008080890414194	M204.153878T44.5794_3
row1316	E313	row1316_M+H[1+];row1327_M(C13)+H[1+]	C00078;C00525	L-Tryptophan$D-Tryptophan	row1316	205.097436019863	199.419281005859	0.7018276835934618	-0.6606582312486141	M205.097436T199.4193_6
row1327	E313	row1316_M+H[1+];row1327_M(C13)+H[1+]	C00078;C00525	L-Tryptophan$D-Tryptophan	row1327	206.100724089897	199.419647216797	0.705807468187918	-0.652380960732152	M206.100724T199.4196_3
row1346	E321	row1346_M+H[1+]	C02147	Dihydrolipoate; Dihydrolipoic acid; Dihydrothioctic acid	row1346	209.064943387912	507.179321289062	0.47089560146064996	1.1286063204117989	M209.064943T507.1793
row1363	E46	row1363_M+Na[1+]	C08261		row1363	211.094220710747	402.305755615234	0.6213656123667263	-0.82944435931243	M211.094221T402.3058
row1368	E325	row1368_M+Na[1+]	C00624	N-Acetyl-L-glutamate; N-Acetyl-L-glutamic acid	row1368	212.053081890774	505.568450927734	0.9419440150084518	-0.1362258321769929	M212.053082T505.5685
row1390	E282	row1390_M+Na[1+]	CE2934	o-methylhippurate	row1390	215.056976346477	469.878601074219	0.6090451584286433	0.8563350027833717	M215.056976T469.8786
row1434	E65	row1434_M+H[1+]	C03740	5-L-Glutamyl-L-alanine	row1434	219.097813084608	58.4719409942627	0.9727763049147848	-0.06339972231276605	M219.097813T58.4719
row1446	E333	row1446_M+H[1+]	C00643	5-Hydroxy-L-tryptophan	row1446	221.092091275312	199.966636657715	0.5301820003121258	-1.0073762875312744	M221.092091T199.9666
row1470	E311	row1470_M+Na[1+]	C03626	Nomega,Nomega'-Dimethyl-L-arginine; NG,NG-Dimethyl-L-arginine	row1470	225.131413141472	406.034683227539	0.12755010901534267	2.1183580783853047	M225.131413T406.0347
row1495	E343	row1495_M+H[1+]	C00931	Porphobilinogen	row1495	227.101005865703	532.591491699219	0.8544013770354616	0.33818045104919886	M227.101006T532.5915
row1529	E320	row1529_M+Na[1+]	C01252	4-(2-Aminophenyl)-2,4-dioxobutanoate	row1529	230.041850371521	756.314361572266	0.7346957385893836	0.5941387184287544	M230.04185T756.3144
row1529	E346	row1529_M+H[1+]	C03090	5-Phospho-beta-D-ribosylamine	row1529	230.041850371521	756.314361572266	0.7346957385893836	0.5941387184287544	M230.04185T756.3144
row1542	E43	row1542_M+Na[1+];row297_M(C13)+2H[2+]	C16604	2-Hydroxyiminostilbene	row1542	232.072669216329	33.6234855651855	0.45849382266628474	1.1574811304305759	M232.072669T33.6235_2
row1556	E351	row1556_M+H[1+]	C03415	N2-Succinyl-L-ornithine; (2S)-5-Amino-2-(3-carboxypropanoylamino)pentanoic acid	row1556	233.113915175254	195.97566986084	0.19669469870909523	1.8460758203848682	M233.113915T195.9757
row1584	E356	row1584_M+H[1+]	C02406;C02700	Formylkynurenine$L-Formylkynurenine	row1584	237.087340930304	199.94792175293	0.1043024969746722	-2.238164608167861	M237.087341T199.9479
row1584	E357	row1584_M+Na[1+]	C16015	(+)-(1R,2R)-1,2-Diphenylethane-1,2-diol	row1584	237.087340930304	199.94792175293	0.1043024969746722	-2.238164608167861	M237.087341T199.9479
row1585	E358	row1585_M+Na[1+]	C16015	(+)-(1R,2R)-1,2-Diphenylethane-1,2-diol	row1585	237.090852227081	474.610855102539	0.8937781606037742	0.25409834312174806	M237.090852T474.6109_4
row1627	E348	row1627_M+H+Na[2+];row3364_M+Na[1+]	CE5840;CE5838	$	row1627	243.183013523919	187.051277160645	0.7701969711154298	0.5160806833371557	M243.183014T187.0513_2
row1649	E370	row1649_M+Na[1+];row2044_M+HCOONa[1+]	C05645	4-(2-Amino-3-hydroxyphenyl)-2,4-dioxobutanoate	row1649	246.037164835685	392.181932485352	0.4688553806576007	-1.132949823633074	M246.037165T392.1819
row1655	E371	row1655_M+H[1+]	C00235;C00129	Dimethylallyl diphosphate$Isopentenyl diphosphate	row1655	247.011198984239	766.691772460938	0.9167032452145047	0.20573047925573765	M247.011199T766.6918
row1669	E377	row1669_M+H[1+]	C00018	Pyridoxal 5'-phosphate	row1669	248.03429014196	773.992034912109	0.5976160661026599	-0.8773859918190525	M248.03429T773.992
row1670	E376	row1670_M+H[1+];row1671_M+H[1+]	C00018	Pyridoxal 5'-phosphate	row1670	248.034279139229	237.238571166992	0.4315364300724987	-1.209049817946518	M248.034279T237.2386
row1671	E376	row1670_M+H[1+];row1671_M+H[1+]	C00018	Pyridoxal 5'-phosphate	row1671	248.034267883721	250.570663452148	0.810712973492435	-0.4237957276742342	M248.034268T250.5707_1
row1699	E383	row1699_M+Na[1+]	C06424	tetradecanoate (n-C14:0)	row1699	251.200680690385	534.931213378906	0.02245323658109833	3.0024586409670597	M251.200681T534.9312
row1854	E395	row1854_M+Na[1+]	CE2119;C05643	$6-Hydroxymelatonin	row1854	271.102696092718	33.6216335296631	0.5067696536594177	1.0531539570084283	M271.102696T33.6216
row1895	E397	row1895_M+Na[1+]	CE5820	histidyl-prolinamide	row1895	275.13477502158	568.886352539062	0.7023822703677349	-0.6590684697410321	M275.134775T568.8864_2
row1975	E403	row1975_M+H[1+];row1985_M(C13)+H[1+]	C00712	(9Z)-Octadecenoic acid; (Z)-Octadec-9-enoic acid; Oleate; Oleic acid	row1975	283.263162519933	551.160522460938	0.00013329240997476466	5.0973396021653015	M283.263163T551.1605_2
row1985	E403	row1975_M+H[1+];row1985_M(C13)+H[1+]	C00712	(9Z)-Octadecenoic acid; (Z)-Octadec-9-enoic acid; Oleate; Oleic acid	row1985	284.266473053491	551.173065185547	0.0002012406608102738	4.946863390881305	M284.266473T551.1731_2
row1995	E154	row1995_M+H[1+];row811_M+H+Na[2+]	C01762	Xanthosine	row1995	285.081954065628	33.6095008850098	0.3802826634056229	1.3244708002585173	M285.081954T33.6095
row2014	E407	row2014_M+H[1+]	CE5254;CE2180;C05300;CE5250;CE5253;CE5249;C05298	17beta-estradiol-2,3-semiquinone$4-hydroxyestrone$16alpha-Hydroxyestrone$17beta-estradiol-2,3-quinone$17beta-estradiol-3,4-semiquinone$17beta-estradiol-3,4-quinone$2-Hydroxyestrone	row2014	287.161757836315	469.658325195312	0.16345754424640893	1.9674754287716678	M287.161758T469.6583
row2044	E125	row2044_M+H[1+]	C06604	Parathion; O,O-Diethyl O-p-nitrophenyl phosphorothioate; Thiophos; DNTP	row2044	292.042293851378	392.149871826172	0.9397921173547257	0.1432114381540702	M292.042294T392.1499_1
row2044	E370	row1649_M+Na[1+];row2044_M+HCOONa[1+]	C05645	4-(2-Amino-3-hydroxyphenyl)-2,4-dioxobutanoate	row2044	292.042293851378	392.149871826172	0.9397921173547257	0.1432114381540702	M292.042294T392.1499_1
row2069	E413	row2069_M+Na[1+]	C00951	Estradiol-17beta; beta-Estradiol; Estradiol	row2069	295.166822938284	521.677612304688	0.29210530370702215	1.5549666935056297	M295.166823T521.6776
row2073	E137	row2073_M+H[1+]	CE5526;CE5527;C14765	$$13-OxoODE; 13-KODE; (9Z,11E)-13-Oxooctadeca-9,11-dienoic acid	row2073	295.226180133524	576.458862304688	0.4404749139327969	1.1928874507890777	M295.22618T576.4589
row2090	E140	row2090_M(C13)+H[1+];row2216_M+Na[1+]	C16612	Citalopram aldehyde	row2090	297.111639130292	491.028686523438	0.10396793339633932	2.239899455872306	M297.111639T491.0287
row2094	E415	row2094_M+H[1+];row2095_M+H[1+];row2100_M(C13)+H[1+]	C14762;C14826;C14825	13(S)-HODE; (13S)-Hydroxyoctadecadienoic acid; (9Z, 11E)-(13S)-13-Hydroxyoctadeca-9,11-dienoic acid$12(13)-EpOME; (12R,13S)-(9Z)-12,13-Epoxyoctadecenoic acid$9(10)-EpOME; (9R,10S)-(12Z)-9,10-Epoxyoctadecenoic acid	row2094	297.242353803128	600.527557373047	0.6067222005180168	0.8612344461029894	M297.242354T600.5276
row2095	E415	row2094_M+H[1+];row2095_M+H[1+];row2100_M(C13)+H[1+]	C14762;C14826;C14825	13(S)-HODE; (13S)-Hydroxyoctadecadienoic acid; (9Z, 11E)-(13S)-13-Hydroxyoctadeca-9,11-dienoic acid$12(13)-EpOME; (12R,13S)-(9Z)-12,13-Epoxyoctadecenoic acid$9(10)-EpOME; (9R,10S)-(12Z)-9,10-Epoxyoctadecenoic acid	row2095	297.242382558166	613.140594482422	0.7502061888786334	0.5627671442684659	M297.242383T613.1406
row2096	E414	row2096_M+H[1+]	C14762;C14826;C14825	13(S)-HODE; (13S)-Hydroxyoctadecadienoic acid; (9Z, 11E)-(13S)-13-Hydroxyoctadeca-9,11-dienoic acid$12(13)-EpOME; (12R,13S)-(9Z)-12,13-Epoxyoctadecenoic acid$9(10)-EpOME; (9R,10S)-(12Z)-9,10-Epoxyoctadecenoic acid	row2096	297.240370692413	565.913665771484	0.006229573546482817	3.5586462833305896	M297.240371T565.9137
row2100	E415	row2094_M+H[1+];row2095_M+H[1+];row2100_M(C13)+H[1+]	C14762;C14826;C14825	13(S)-HODE; (13S)-Hydroxyoctadecadienoic acid; (9Z, 11E)-(13S)-13-Hydroxyoctadeca-9,11-dienoic acid$12(13)-EpOME; (12R,13S)-(9Z)-12,13-Epoxyoctadecenoic acid$9(10)-EpOME; (9R,10S)-(12Z)-9,10-Epoxyoctadecenoic acid	row2100	298.245731027887	600.570465087891	0.8440759373936884	0.3588329141604746	M298.245731T600.5705
row2109	E416	row2109_M+H[1+]	C02934;C00319	3-Dehydrosphinganine$Sphingosine	row2109	300.289651250194	576.292816162109	0.012548539136386006	3.254292868424291	M300.289651T576.2928_2
row2124	E417	row2124_M+H[1+];row2129_M(C13)+H[1+]	C00836	Sphinganine	row2124	302.305330917603	483.220825195312	0.004160963294199951	3.719686096576244	M302.305331T483.2208_2
row2129	E417	row2124_M+H[1+];row2129_M(C13)+H[1+]	C00836	Sphinganine	row2129	303.308744379985	483.202270507812	0.002280843043729878	3.943919307776894	M303.308744T483.2023
row2143	E184	row2143_M+H[1+];row2151_M(C13)+H[1+];row2299_M+Na[1+]	C18045;C14497;C18075;C05294;C05139	$6beta-Hydroxytestosterone; 6beta,17beta-Dihydroxyandrost-4-en-3-one$$19-Hydroxytestosterone; 17beta,19-Dihydroxyandrost-4-en-3-one$16alpha-Hydroxydehydroepiandrosterone; 5-Androstene-3beta,16alpha-diol-17-one	row2143	305.211108024064	541.417114257812	0.01521573537451183	3.1754537827613123	M305.211108T541.4171
row2145	E185	row2145_M+H[1+];row928_M+H+Na[2+]	C00219	arachidonic acid	row2145	305.245338552339	38.0712394714355	0.5795832969618434	0.9148424396888973	M305.245339T38.0712
row2145	E402	row2145_M+Na[1+]	C00712	(9Z)-Octadecenoic acid; (Z)-Octadec-9-enoic acid; Oleate; Oleic acid	row2145	305.245338552339	38.0712394714355	0.5795832969618434	0.9148424396888973	M305.245339T38.0712
row2151	E184	row2143_M+H[1+];row2151_M(C13)+H[1+];row2299_M+Na[1+]	C18045;C14497;C18075;C05294;C05139	$6beta-Hydroxytestosterone; 6beta,17beta-Dihydroxyandrost-4-en-3-one$$19-Hydroxytestosterone; 17beta,19-Dihydroxyandrost-4-en-3-one$16alpha-Hydroxydehydroepiandrosterone; 5-Androstene-3beta,16alpha-diol-17-one	row2151	306.213977103683	541.183044433594	0.042838361878910027	2.7061613634660975	M306.213977T541.183
row2159	E420	row2159_M+H[1+]	C01169	S-Succinyldihydrolipoamide	row2159	308.099805116014	424.371215820312	0.054756281033733555	-2.5826074299679496	M308.099805T424.3712
row2197	E421	row2197_M+H[1+]	C05202	3'-Hydroxy-N-methyl-(S)-coclaurine; (S)-3'-Hydroxy-N-methylcoclaurine	row2197	316.155661577256	219.140487670898	0.33225508351961436	-1.4377834077611318	M316.155662T219.1405_2
row2216	E140	row2090_M(C13)+H[1+];row2216_M+Na[1+]	C16612	Citalopram aldehyde	row2216	318.087599925843	490.478164672852	0.0008455142655668111	4.335022655720577	M318.0876T490.4782_2
row2221	E433	row2221_M+H[1+];row2402_M+Na[1+]	CE2084;CE7090;CE7085;CE7082;CE7081	5-oxo-(6E,8Z,11Z,14Z)-eicosatetraenoic acid$18R-HEPE$5-HEPE$$15(R)-HEPE	row2221	318.221816412056	490.469604492188	0.024401056399868157	2.967039927507643	M318.221816T490.4696_4
row2222	E432	row2222_M+H[1+];row2238_M(C13)+H[1+]	CE2084;CE7090;CE7085;CE7082;CE7081	5-oxo-(6E,8Z,11Z,14Z)-eicosatetraenoic acid$18R-HEPE$5-HEPE$$15(R)-HEPE	row2222	318.217630041952	219.152183532715	0.5582650272023981	0.954924669530091	M318.21763T219.1522
row2227	E435	row2227_M+H[1+]	C12144	Phytosphingosine; 4-D-Hydroxysphinganine	row2227	318.300261263422	491.022644042969	0.01586679221673675	3.154835394284274	M318.300261T491.0226_5
row2234	E426	row2234_M+H[1+]	C00399	Ubiquinone	row2234	319.192819556218	586.584808349609	0.00013070028023372775	5.1169021252093865	M319.19282T586.5848
row2235	E428	row2235_M+H[1+]	C00399	Ubiquinone	row2235	319.193194366372	692.791320800781	0.5561102454386789	0.9594483478712178	M319.193194T692.7913
row2236	E429	row2236_M+H[1+]	C00399	Ubiquinone	row2236	319.193368264971	731.768463134766	0.8617678033674986	-0.3206423135474206	M319.193368T731.7685
row2237	E427	row2237_M+H[1+]	C00399	Ubiquinone	row2237	319.193349887626	669.945129394531	0.28686318615402395	-1.5677149244262412	M319.19335T669.9451
row2238	E432	row2222_M+H[1+];row2238_M(C13)+H[1+]	CE2084;CE7090;CE7085;CE7082;CE7081	5-oxo-(6E,8Z,11Z,14Z)-eicosatetraenoic acid$18R-HEPE$5-HEPE$$15(R)-HEPE	row2238	319.219584615519	219.141723632812	0.7691618958562255	0.519825718523002	M319.219585T219.1417_2
row2240	E436	row2240_M+H[1+]	CE2211;C05480	allopregnanolone$3alpha-Hydroxy-5beta-pregnane-20-one	row2240	319.265025833918	490.485595703125	7.845602114306208e-05	5.447298528054794	M319.265026T490.4856_7
row2299	E184	row2143_M+H[1+];row2151_M(C13)+H[1+];row2299_M+Na[1+]	C18045;C14497;C18075;C05294;C05139	$6beta-Hydroxytestosterone; 6beta,17beta-Dihydroxyandrost-4-en-3-one$$19-Hydroxytestosterone; 17beta,19-Dihydroxyandrost-4-en-3-one$16alpha-Hydroxydehydroepiandrosterone; 5-Androstene-3beta,16alpha-diol-17-one	row2299	327.192959985254	541.086975097656	0.03864284842966946	2.7574301774692085	M327.19296T541.087
row2308	E442	row2308_M+H[1+]	CE5922		row2308	328.223916159571	595.807586669922	0.09349847828490616	2.2954767039649586	M328.223916T595.8076_2
row2313	E190	row2313_M+Na[1+]	C03242	(8Z,11Z,14Z)-Icosatrienoic acid; Dihomo-gamma-linolenic acid; (Z,Z,Z)-8,11,14-Eicosatrienoic acid; (Z,Z,Z)-8,11,14-Icosatrienoic acid; (Z,Z,Z)-8,11,14-Eicosatrienoate; (Z,Z,Z)-8,11,14-Icosatrienoate; 8,11,14-Eicosatrienoate; 8,11,14-Icosatrienoate	row2313	329.242706255356	613.837768554688	0.57124046312688	-0.928096772839026	M329.242706T613.8378
row2344	E167	row2344_M+Na[1+]	CE5653	4-oxo-9-cis-retinoate	row2344	336.169722554964	692.004455566406	0.9502480645695981	-0.1152619973645857	M336.169723T692.0045
row2350	E444	row2350_M+Na[1+]	C00921	Dihydropteroate; 7,8-Dihydropteroate	row2350	337.104596227522	469.432830810547	0.014519381481604351	3.194834137923077	M337.104596T469.4328
row2352	E447	row2352_M+H[1+];row2368_M(C13)+H[1+]	CE6185	omega-carboxy-trinor-leukotriene B4	row2352	337.167038523844	731.041320800781	0.1642078890065526	-1.9637408153693867	M337.167039T731.0413_1
row2353	E446	row2353_M+H[1+];row2367_M(C13)+H[1+]	CE6185	omega-carboxy-trinor-leukotriene B4	row2353	337.167089398884	692.202789306641	0.7404684398067933	-0.5836767546480488	M337.167089T692.2028_1
row2354	E445	row2354_M+H[1+];row2365_M(C13)+H[1+]	CE6185	omega-carboxy-trinor-leukotriene B4	row2354	337.167044836915	586.623107910156	0.0003927404174421393	4.612990550740651	M337.167045T586.6231_2
row2365	E445	row2354_M+H[1+];row2365_M(C13)+H[1+]	CE6185	omega-carboxy-trinor-leukotriene B4	row2365	338.170709660805	586.601989746094	0.0003997597095059444	4.600601388487577	M338.17071T586.602_1
row2367	E446	row2353_M+H[1+];row2367_M(C13)+H[1+]	CE6185	omega-carboxy-trinor-leukotriene B4	row2367	338.170641956137	692.183441162109	0.9220480119442647	-0.19432259992828005	M338.170642T692.1834
row2368	E447	row2352_M+H[1+];row2368_M(C13)+H[1+]	CE6185	omega-carboxy-trinor-leukotriene B4	row2368	338.170743672613	731.054870605469	0.03778189032986407	-2.766908059130478	M338.170744T731.0549
row2373	E449	row2373_M+H[1+];row2522_M+Na[1+]	CE2512		row2373	338.320335180785	617.249328613281	0.24395107413831038	1.6998009608643896	M338.320335T617.2493_4
row2398	E216	row2398_M+H[1+]	C04751	5-amino-1-(5-phospho-D-ribosyl)imidazole-4-carboxylate	row2398	340.053762125846	491.028686523438	0.0005311861358150869	4.506695711216134	M340.053762T491.0287_1
row2402	E433	row2221_M+H[1+];row2402_M+Na[1+]	CE2084;CE7090;CE7085;CE7082;CE7081	5-oxo-(6E,8Z,11Z,14Z)-eicosatetraenoic acid$18R-HEPE$5-HEPE$$15(R)-HEPE	row2402	340.203166400907	491.028686523438	0.2949133976841816	1.5469489655424682	M340.203166T491.0287_3
row2437	E450	row2437_M[1+];row2445_M+H[1+]	C16548	N,N-Didesmethyltamoxifen	row2437	343.19424185212	584.330749511719	0.6594519317179295	0.7512987996159399	M343.194242T584.3307
row2441	E455	row2441_M[1+];row2567_M+Na[1+]	CE6504		row2441	343.213661670909	599.365417480469	0.014392536600814673	3.2003843383185764	M343.213662T599.3654_2
row2443	E460	row2443_M[1+];row2452_M+H[1+];row2456_M(C13)+H[1+]	C05490	11-Dehydrocorticosterone	row2443	344.196764664294	683.515563964844	0.7648441949951917	-0.527759884921701	M344.196765T683.5156
row2445	E450	row2437_M[1+];row2445_M+H[1+]	C16548	N,N-Didesmethyltamoxifen	row2445	344.197683561311	584.339935302734	0.6425396521391579	0.7902593586272241	M344.197684T584.3399
row2446	E454	row2446_M+H[1+]	C16548	N,N-Didesmethyltamoxifen	row2446	344.200953363707	771.234130859375	0.6716828601372655	0.727554082372966	M344.200953T771.2341
row2451	E462	row2451_M+H[1+]	C05490	11-Dehydrocorticosterone	row2451	345.208814491286	745.840148925781	0.03502932309114269	-2.802058117720102	M345.208814T745.8401
row2452	E460	row2443_M[1+];row2452_M+H[1+];row2456_M(C13)+H[1+]	C05490	11-Dehydrocorticosterone	row2452	345.208625506792	701.128540039062	0.9587654349871546	0.09549658751362826	M345.208626T701.1285
row2456	E460	row2443_M[1+];row2452_M+H[1+];row2456_M(C13)+H[1+]	C05490	11-Dehydrocorticosterone	row2456	346.212447559453	701.122344970703	0.6121165246482209	0.8497481791127603	M346.212448T701.1223
row2463	E465	row2463_M[1+];row2468_M+H[1+]	CE5141		row2463	347.188630629838	595.877563476562	0.23784495495912264	1.7189599304934542	M347.188631T595.8776_1
row2468	E465	row2463_M[1+];row2468_M+H[1+]	CE5141		row2468	348.191742105076	595.867242	0.23575497503573284	1.7273958376659149	M348.191742T595.8672
row2474	E441	row2474_M+Na[1+]	CE5922		row2474	350.206686554281	241.943397521973	0.31152275663635504	-1.4984063546032869	M350.206687T241.9434
row2474	E467	row2474_M+H[1+]	CE7114;CE2053;CE5138;CE5661;CE7115;CE7113;CE7112;CE7088	$20-oxo-leukotriene B4$12-oxo-20-hydroxy-leukotriene B4$15-oxo-lipoxin A4$20-hydroxy-leukotriene B5$15-epi-lipoxin B5$15-epi-lipoxin A5$PGH3	row2474	350.206686554281	241.943397521973	0.31152275663635504	-1.4984063546032869	M350.206687T241.9434
row2479	E469	row2479_M+H[1+]	C04707;C06439	(5Z,13E)-11alpha-Hydroxy-9,15-dioxoprost-13-enoate; (5Z)-(15S)-11alpha-Hydroxy-9,15-dioxoprosta-13-enoate$Prostaglandin E3	row2479	351.216912475023	677.390441894531	0.6905187048095455	-0.6839190744527494	M351.216912T677.3904
row2487	E471	row2487_M+H[1+]	C00696;C04853;C06315;C06314;C00584;C04654;C04671;C01312;C02198;C00427	Prostaglandin D2$w-hydroxyl leukotriene B4$Lipoxin B4; LXB4; 5S,14R,15S-Trihydroxy-6E,8Z,10E,12E-eicosatetraenoic acid; (6E,8Z,10E,12E)-(5S,14R,15S)-Trihydroxyicosa-6,8,10,12-tetraenoic acid$Lipoxin A4; LXA4; 5S,6R,15S-Trihydroxy-7E,9E,11Z,13E-eicosatetraenoic acid; (7E,9E,11Z,13E)-(5S,6R,15S)-5,6,15-Trihydroxyicosa-7,9,11,13-tetraenoic acid$Prostaglandin E2$(13E)-11alpha-Hydroxy-9,15-dioxoprost-13-enoate$(5Z)-(15S)-11alpha-Hydroxy-9,15-dioxoprostanoate$Prostaglandin I2; (5Z,13E)-(15S)-6,9alpha-Epoxy-11alpha,15-dihydroxyprosta-5,13-dienoate; Prostacyclin; PGI2; Epoprostenol$Thromboxane A2; (5Z,13E)-(15S)-9alpha,11alpha-Epoxy-15-hydroxythromboxa-5,13-dienoate; (5Z,9alpha,11alpha,13E,15S)-9,11-Epoxy-15-hydroxythromboxa-5,13-dien-1-oic acid$Prostaglandin H2	row2487	353.231763071496	524.646179199219	0.5177999059240196	1.0293931666751597	M353.231763T524.6462
row2494	E473	row2494_M(C13)+H[1+];row2633_M+Na[1+]	CE5929;CE5931;C08012;CE5924;CE6234;CE5828;CE4989	$$Levomethadyl acetate; LAAM$$prostaglandin H1$$20-OH-10,11-dihydro-leukotriene B4	row2494	355.242891057932	599.361724853516	0.024015053974747402	2.9733431233085392	M355.242891T599.3617_2
row2522	E449	row2373_M+H[1+];row2522_M+Na[1+]	CE2512		row2522	360.300371724023	616.883911132812	0.9408880302040634	-0.1395757484375903	M360.300372T616.8839_2
row2522	E478	row2522_M+H[1+]	tettet6	tetracosatetraenoic acid n-6	row2522	360.300371724023	616.883911132812	0.9408880302040634	-0.1395757484375903	M360.300372T616.8839_2
row2567	E455	row2441_M[1+];row2567_M+Na[1+]	CE6504		row2567	366.203125297972	586.666198730469	0.0004765336693071621	4.5457253692359965	M366.203125T586.6662_2
row2567	E483	row2567_M+H[1+]	CE5139	12-oxo-20-dihydroxy-leukotriene B4	row2567	366.203125297972	586.666198730469	0.0004765336693071621	4.5457253692359965	M366.203125T586.6662_2
row2580	E254	row2580_M+H[1+]	CE5926;CE5930;CE2056;CE5534;CE5533;CE1447	$$20-dihydroxyleukotriene B4$$$11-dehydrothromboxane B2	row2580	368.21931844619	599.424560546875	0.1219779660699193	2.143078021775172	M368.219318T599.4246_2
row2588	E486	row2588_M+H[1+]	CE0955;CE6232;CE5945	$prostaglandin G1$10,11-dihydro-20-dihydroxy-LTB4	row2588	370.235355823604	614.004760742188	0.7412525782873364	0.5817794883150031	M370.235356T614.0048_2
row2597	E489	row2597_M+H[1+]	C05963		row2597	371.239738901409	676.130401611328	0.5017071599089831	-1.0636988174186361	M371.239739T676.1304_3
row2628	E493	row2628_M[1+];row2633_M+H[1+]	CE6466;CE6467;CE6465;CE6462;CE6463;CE6460;CE6461;CE6459;CE6458;CE6457;CE6455;CE6454;CE6453;CE6452;CE6456;CE6464	$$$$$$$$$$$$$$$	row2628	375.220045842443	614.080871582031	0.7994233695874512	-0.45110828573048933	M375.220046T614.0809_1
row2633	E473	row2494_M(C13)+H[1+];row2633_M+Na[1+]	CE5929;CE5931;C08012;CE5924;CE6234;CE5828;CE4989	$$Levomethadyl acetate; LAAM$$prostaglandin H1$$20-OH-10,11-dihydro-leukotriene B4	row2633	376.223211326545	613.797576904297	0.5880356377268503	0.8979750112479905	M376.223211T613.7976
row2633	E493	row2628_M[1+];row2633_M+H[1+]	CE6466;CE6467;CE6465;CE6462;CE6463;CE6460;CE6461;CE6459;CE6458;CE6457;CE6455;CE6454;CE6453;CE6452;CE6456;CE6464	$$$$$$$$$$$$$$$	row2633	376.223211326545	613.797576904297	0.5880356377268503	0.8979750112479905	M376.223211T613.7976
row2644	E494	row2644_M+H[1+]	C03990	3alpha-Hydroxy-5beta-cholanate; 3alpha-Hydroxy-5beta-cholanic acid; Lithocholic acid; Lithocholate	row2644	377.30507138516	578.069274902344	0.33793826781247455	1.4237279432448162	M377.305071T578.0693
row2646	E496	row2646_M+Na[1+]	CE4786;tethex3	nisinate$tetracosahexaenoic acid, n-3	row2646	378.25302989257	676.232849121094	0.7509528777607192	-0.5599685778611462	M378.25303T676.2328
row2662	E500	row2662_M[1+];row2677_M+H[1+]	C06124	Sphingosine 1-phosphate	row2662	379.250628172478	676.236328125	0.6905187048095455	-0.6839040903400754	M379.250628T676.2363_3
row2677	E500	row2662_M[1+];row2677_M+H[1+]	C06124	Sphingosine 1-phosphate	row2677	380.258133073853	693.403778076172	0.8513751514659597	-0.34220573980142577	M380.258133T693.4038
row2679	E265	row2679_M(C13)+H[1+];row2842_M+Na[1+]	C13856	2-Arachidonoylglycerol; 2-Arachidonoyl-sn-glycerol	row2679	380.289763639409	676.21728515625	0.7707666644363995	-0.5150161599250495	M380.289764T676.2173_4
row2683	E503	row2683_M+Na[1+]	C01134	Pantetheine 4'-phosphate	row2683	381.084211896002	766.480773925781	0.13774502712885545	2.0752722097750627	M381.084212T766.4808
row2685	E279	row2685_M+Na[1+]	CE6429;CE6423;CE6420;CE6426;CE6438;CE6432;CE6435	$$$$$$	row2685	381.206686213258	582.650360107422	0.5646167346114719	0.9404288207852821	M381.206686T582.6504_2
row2715	E289	row2715_M+H[1+]	C01802;C00599;C05437;C05439;C01164;C05443	Desmosterol; 24-Dehydrocholesterol; Cholesta-5,24-dien-3beta-ol$Cholest-4-en-3-one; Cholestenone; 4-Cholesten-3-one$Zymosterol; delta8,24-Cholestadien-3beta-ol; 5alpha-Cholesta-8,24-dien-3beta-ol$5alpha-Cholesta-7,24-dien-3beta-ol$Cholesta-5,7-dien-3beta-ol; 7-Dehydrocholesterol; Provitamin D3$Vitamin D3; Cholecalciferol	row2715	385.346529775167	672.072937011719	0.15672830337766966	1.9930900538284295	M385.34653T672.0729
row2736	E508	row2736_M+H[1+]	C16545;C16544;C05011	$alpha-Hydroxytamoxifen$Hydroxytamoxifen; 4-Hydroxytamoxifen	row2736	388.227171407743	595.874420166016	0.45939249493324313	1.1554513779820177	M388.227171T595.8744_2
row2771	E297	row1246_M(C13)+2H[2+];row2771_M+H[1+];row2779_M(C13)+H[1+]	C04483;C02528	3alpha,12alpha-Dihydroxy-5beta-cholanate; Deoxycholic acid; Deoxycholate; 3alpha,12alpha-Dihydroxy-5beta-cholanic acid$Chenodeoxycholate; Chenodeoxycholic acid; 3alpha,7alpha-Dihydroxy-5beta-cholanic acid; Chenodiol	row2771	393.297744525197	601.693237304688	0.2094846059867929	1.804842415719283	M393.297745T601.6932
row2779	E297	row1246_M(C13)+2H[2+];row2771_M+H[1+];row2779_M(C13)+H[1+]	C04483;C02528	3alpha,12alpha-Dihydroxy-5beta-cholanate; Deoxycholic acid; Deoxycholate; 3alpha,12alpha-Dihydroxy-5beta-cholanic acid$Chenodeoxycholate; Chenodeoxycholic acid; 3alpha,7alpha-Dihydroxy-5beta-cholanic acid; Chenodiol	row2779	394.301035057276	601.704772949219	0.372434451265897	1.3428290390926565	M394.301035T601.7048
row2793	E511	row2793_M+Na[1+]	CE5079	1alpha-hydroxy-23-carboxy-24,25,26,27-tetranorvitamin D3	row2793	396.223666759732	595.901611328125	0.08669102184138604	2.3360762865144946	M396.223667T595.9016
row2806	E492	row2806_M+Na[1+]	CE6466;CE6467;CE6465;CE6462;CE6463;CE6460;CE6461;CE6459;CE6458;CE6457;CE6455;CE6454;CE6453;CE6452;CE6456;CE6464	$$$$$$$$$$$$$$$	row2806	398.204171398362	474.652587890625	0.3705428102631511	1.3472925514205871	M398.204171T474.6526
row2842	E265	row2679_M(C13)+H[1+];row2842_M+Na[1+]	C13856	2-Arachidonoylglycerol; 2-Arachidonoyl-sn-glycerol	row2842	401.266167539402	676.526794433594	0.4791589657152012	-1.108145001159228	M401.266168T676.5268_2
row2863	E505	row2863_M+Na[1+]	C01120	Sphinganine 1-phosphate	row2863	404.255821941963	667.735168457031	0.913784443699533	-0.2132781237536601	M404.255822T667.7352_2
row2895	E315	row2895_M+H[1+]	CE2863	neurotensin 11-13	row2895	408.250436222204	690.932891845703	0.9217443496648007	0.19496971363218094	M408.250436T690.9329_2
row2906	E520	row2906_M+H[1+]	CE5730		row2906	409.259289453051	718.642425537109	0.21391909056909453	1.7901802476335484	M409.259289T718.6424_2
row2908	E521	row2908_M+H[1+]	C00695	Cholate	row2908	409.292643181674	711.608703613281	0.7468768863819232	-0.5689150496384666	M409.292643T711.6087_2
row2915	E293	row2915_M+Na[1+];row2916_M+Na[1+];row2917_M+Na[1+]	CE2846	fructoselysine 3-phosphate	row2915	410.102277824488	777.637115478516	0.5570476208654608	-0.9574495517396231	M410.102278T777.6371
row2916	E293	row2915_M+Na[1+];row2916_M+Na[1+];row2917_M+Na[1+]	CE2846	fructoselysine 3-phosphate	row2916	410.102298696319	815.251220703125	0.9518706351196731	0.1109865769875233	M410.102299T815.2512
row2917	E293	row2915_M+Na[1+];row2916_M+Na[1+];row2917_M+Na[1+]	CE2846	fructoselysine 3-phosphate	row2917	410.102299311999	895.960327148438	0.9230925353129096	-0.186187875194402	M410.102299T895.9603
row3004	E526	row3004_M+H[1+]	C05457;C01673;CE2201;C17336;C17331;C17333;C17332	7alpha,12alpha-Dihydroxycholest-4-en-3-one$Calcitriol$23S,25-dihydroxyvitamin D3$7alpha,26-Dihydroxy-4-cholesten-3-one$$$7alpha,25-Dihydroxy-4-cholesten-3-one	row3004	417.336217899684	595.035522460938	0.3643342899332792	1.3649743581205727	M417.336218T595.0355
row3044	E529	row3044_M+H[1+]	C05454;C05444	3alpha,7alpha,12alpha-Trihydroxy-5beta-cholestane$3alpha,7alpha,26-Trihydroxy-5beta-cholestane; 5beta-Cholestane-3alpha,7alpha,26-triol	row3044	421.36615682328	604.868072509766	0.8459689244069133	-0.35308348440672044	M421.366157T604.8681
row3082	E530	row3082_M+Na[1+]	C00363	dTDP	row3082	425.015121389661	723.895477294922	0.0009882237210771102	-4.268182704302178	M425.015121T723.8955_3
row3098	E531	row3098_M+H[1+]	CE4980	Prostaglandin PGE2 glyceryl ester	row3098	427.273045295028	599.370330810547	0.006631234546200114	3.53212440754213	M427.273045T599.3703
row3136	E533	row3136_M+H[1+]	CE6219;CE5655;CE7101	$13'-hydroxy-gama-tocopherol$	row3136	433.367516543205	602.212738037109	0.5875799995036293	-0.8987879730837087	M433.367517T602.2127
row3154	E538	row3154_M+Na[1+];row3155_M+Na[1+]	hpdcacrn	heptadecanoyl carnitine	row3154	436.342301503709	5.61716794967651	0.17076275142289365	-1.937579327925729	M436.342302T5.6172
row3155	E538	row3154_M+Na[1+];row3155_M+Na[1+]	hpdcacrn	heptadecanoyl carnitine	row3155	436.342325953088	27.9590797424316	0.369231167289319	-1.3509822670639606	M436.342326T27.9591
row3162	E539	row3162_M+H[1+];row3254_M+Na[1+]	CE1272;C05446	5beta-cholestane-3alpha,7alpha,12alpha,25-tetrol$3alpha,7alpha,12alpha,26-Tetrahydroxy-5beta-cholestane	row3162	437.361814139238	595.862487792969	0.8337665308857096	0.38187456857851965	M437.361814T595.8625
row3186	E542	row3186_M+Na[1+]	strdnccrn	stearidonyl carnitine	row3186	442.289759506266	234.845764160156	0.4200471045827823	-1.2317220208557782	M442.28976T234.8458_2
row3187	E543	row3187_M+Na[1+]	strdnccrn	stearidonyl carnitine	row3187	442.296191487704	652.165771484375	0.48548143341135097	-1.0958003580622035	M442.296191T652.1658
row3201	E338	row3201_M+H[1+]	C04840	3beta-Hydroxy-4beta-methyl-5alpha-cholest-7-ene-4alpha-carboxylate	row3201	445.366444090988	597.280120849609	0.7845416215418259	0.480979072109673	M445.366444T597.2801
row3216	E544	row3216_M+H[1+]	C05462;C05466	Chenodeoxyglycocholate$	row3216	450.325812892313	637.725036621094	0.2736012440771823	1.6033372373470995	M450.325813T637.725
row3226	E545	row3226_M+H[1+]	CE5994	20-oxo-leukotriene E4	row3226	453.216511478258	490.48583984375	0.03397344975946161	2.8167757993599056	M453.216511T490.4858_1
row3254	E539	row3162_M+H[1+];row3254_M+Na[1+]	CE1272;C05446	5beta-cholestane-3alpha,7alpha,12alpha,25-tetrol$3alpha,7alpha,12alpha,26-Tetrahydroxy-5beta-cholestane	row3254	459.344947128568	598.163757324219	0.2573590052844579	1.6572350242218712	M459.344947T598.1638
row3278	E553	row3278_M+H[1+]	C11134;tststeroneglc	Testosterone glucuronide; Testosterone 17beta-(beta-D-glucuronide)$testosterone glucuronide	row3278	465.250498983788	718.398162841797	0.009094370082572058	3.4077386828093013	M465.250499T718.3982_2
row3284	E554	row3284_M+H[1+]	C01246	Dolichyl beta-D-glucosyl phosphate	row3284	467.244321844848	597.178070068359	0.07817620439101608	2.3948496306327702	M467.244322T597.1781
row3322	E546	row3322_M+Na[1+]	CE7145	13'-carboxy-alpha-tocotrienol	row3322	476.291518998215	474.764038085938	0.11084607262838052	2.19789717452615	M476.291519T474.764_2
row3357	E558	row3357_M+H[1+]	C02592	Taurolithocholate; Taurolithocholic acid	row3357	484.310978252482	699.198120117188	0.841684331217959	-0.3647187515272129	M484.310978T699.1981
row3364	E348	row1627_M+H+Na[2+];row3364_M+Na[1+]	CE5840;CE5838	$	row3364	485.359023210424	187.213287353516	0.4330261463825073	1.2064379607366928	M485.359023T187.2133
row3397	E561	row3397_M+Na[1+]	dcsptn1crn;clpndcrn	docosa-4,7,10,13,16-pentaenoyl carnitine$clupanodonyl carnitine	row3397	496.340594671875	568.967926025391	0.2690830616669411	-1.6199536450034537	M496.340595T568.9679_10
row3480	E569	row3480_M+Na[1+]	tetpent6crn;tetpent3crn	tetracosapentaenoyl carnitine$tetracosapentaenoyl carnitine	row3480	524.372008027407	588.272033691406	0.09518435523248595	-2.285458224586506	M524.372008T588.272_6
row3514	E572	row3514_M+H[1+];row3515_M(C13)+H[1+]	C00760	Cellulose; (1,4-beta-D-Glucosyl)n; (1,4-beta-D-Glucosyl)n+1; (1,4-beta-D-Glucosyl)n-1; 1,4-beta-D-Glucan; Microcrystalline cellulose	row3514	537.166914705691	632.71728515625	0.8986677112497242	0.24454631357291132	M537.166915T632.7173
row3515	E572	row3514_M+H[1+];row3515_M(C13)+H[1+]	C00760	Cellulose; (1,4-beta-D-Glucosyl)n; (1,4-beta-D-Glucosyl)n+1; (1,4-beta-D-Glucosyl)n-1; 1,4-beta-D-Glucan; Microcrystalline cellulose	row3515	538.1642062355	632.708984375	0.910165601758683	-0.22039251738238932	M538.164206T632.709
row3539	E576	row3539_M[1+];row3540_M+H[1+]	C04598	Platelet-activating factor	row3539	549.375705851073	579.189086914062	0.47780085106355336	-1.1104694758842204	M549.375706T579.1891
row3540	E576	row3539_M[1+];row3540_M+H[1+]	C04598	Platelet-activating factor	row3540	550.387835279666	591.160278320312	0.42634896020476376	-1.2184665635264635	M550.387835T591.1603
row3657	E578	row3657_M+Na[1+]	C00165	Diacylglycerol; Diglyceride	row3657	687.494107599435	587.644683837891	0.7648441949951917	-0.5276157011860129	M687.494108T587.6447_2
row3742	E579	row3742_M+Na[1+]	C00550	Sphingomyelin	row3742	754.59055926842	713.663665771484	0.1783922704464287	-1.9077675241846879	M754.590559T713.6637
row3815	E580	row3815_M+H[1+];row3822_M(C13)+H[1+]	C01829	O-(4-Hydroxy-3,5-diidophenyl)-3,5-diiodo-L-tyrosine; L-Thyroxine; 3,5,3'5'-Tetraiodo-L-thyronine; Levothyroxin; T4	row3815	777.692955747605	435.127960205078	0.0404365009411402	-2.7353426985292497	M777.692956T435.128
row3822	E580	row3815_M+H[1+];row3822_M(C13)+H[1+]	C01829	O-(4-Hydroxy-3,5-diidophenyl)-3,5-diiodo-L-tyrosine; L-Thyroxine; 3,5,3'5'-Tetraiodo-L-thyronine; Levothyroxin; T4	row3822	778.696314307452	435.138046264648	0.23489280912107263	-1.730606079430719	M778.696314T435.138
